{
  "metadata": {
    "asset_type": "connection",
    "name": "test-storage-volume-nfs4-connection",
    "origin_country": "us",
    "rov": {
      "mode": 0
    },
    "asset_category": "USER",
    "created_at": "2022-04-01T13:14:35Z",
    "created": 1648818875294,
    "asset_id": "connection.teststoragevolumenfs4connection",
    "asset_attributes": [
      "connection"
    ]
  },
  "entity": {
    "connection": {
      "datasource_type": "9f30e3c3-b854-4144-b5c3-98b7a835dc79",
      "context": "source,target",
      "properties": {},
      "flags": [
        "personal_credentials"
      ],
      "ref_catalog_id": "ab4e796a-0454-4fca-9728-0dc4ecd94ac3",
      "ref_asset_id": "c2621073-0bac-448a-b48c-49398a531dc8"
    }
  },
  "attachments": []
}