{
  "metadata": {
    "asset_type": "connection",
    "name": "AIOSDB2-Dunnock1",
    "origin_country": "us",
    "rov": {
      "mode": 0
    },
    "asset_category": "USER",
    "created_at": "2022-04-01T13:13:27Z",
    "created": 1648818807444,
    "asset_id": "connection.AIOSDB2Dunnock1",
    "asset_attributes": [
      "connection"
    ]
  },
  "entity": {
    "connection": {
      "datasource_type": "8c1a4480-1c29-4b33-9086-9cb799d7b157",
      "context": "source,target",
      "flags": [],
      "ref_catalog_id": "ab4e796a-0454-4fca-9728-0dc4ecd94ac3",
      "ref_asset_id": "cea14541-ba3a-43a8-9d83-b2a7fdb826ff"
    }
  },
  "attachments": []
}