{
  "metadata": {
    "name": "customer_usage_history.csv",
    "asset_type": "data_asset",
    "origin_country": "us",
    "asset_category": "USER",
    "created_at": "2022-04-01T13:12:28Z",
    "created": 1648818748767,
    "asset_id": "data_asset.customerusagehistorycsv",
    "asset_attributes": [
      "data_asset"
    ]
  },
  "entity": {
    "data_asset": {
      "dataset": false,
      "mime_type": "text/csv"
    }
  },
  "attachments": [
    {
      "asset_type": "data_asset",
      "name": "customer_usage_history.csv",
      "mime": "text/csv",
      "object_key": "data_asset/customer_usage_history.csv",
      "object_key_is_read_only": true,
      "created_at": "2022-04-01T13:12:29Z",
      "id": "5640ed72-d9e6-430d-b416-03ec0fdd1ea5",
      "is_managed": false,
      "is_referenced": true,
      "is_remote": false
    }
  ]
}