ID,LONGDISTANCE,INTERNATIONAL,LOCAL,DROPPED,PAYMETHOD,LOCALBILLTYPE,LONGDISTANCEBILLTYPE,USAGE,RATEPLAN,CHURN
1,23,0,206,0,CC,Budget,Intnl_discount,229,3,T
6,29,0,45,0,CH,FreeLocal,Standard,75,2,F
8,24,0,22,0,CC,FreeLocal,Standard,47,3,F
11,26,0,32,1,CC,Budget,Standard,59,1,F
17,12,0,46,4,CC,FreeLocal,Standard,58,1,F
21,20,0,13,0,CC,Budget,Standard,34,3,F
22,9,0,38,0,CC,Budget,Standard,48,2,F
24,17,4,49,1,Auto,FreeLocal,Standard,72,2,F
35,0,0,28,0,CC,FreeLocal,Standard,29,4,T
36,22,0,13,0,Auto,Budget,Standard,36,4,T
38,26,0,12,0,CC,FreeLocal,Standard,38,4,T
42,13,8,56,0,CC,Budget,Standard,78,2,F
45,11,1,22,0,CC,FreeLocal,Standard,36,2,T
48,14,0,25,0,CC,Budget,Standard,40,1,T
52,4,0,91,1,CC,Budget,Standard,96,3,T
53,16,0,81,0,CH,Budget,Standard,98,4,F
54,3,0,11,1,CC,Budget,Standard,15,2,T
60,11,0,50,0,CC,FreeLocal,Standard,61,4,T
63,12,0,163,0,CC,Budget,Intnl_discount,175,1,T
68,18,0,59,0,CC,FreeLocal,Standard,77,3,T
73,26,0,9,0,Auto,FreeLocal,Intnl_discount,35,4,F
77,9,4,111,0,Auto,Budget,Intnl_discount,125,4,T
78,18,0,20,0,CH,FreeLocal,Intnl_discount,39,4,F
79,20,8,13,0,CC,FreeLocal,Standard,43,4,T
81,14,8,10,0,CH,FreeLocal,Standard,33,4,T
83,18,0,31,0,Auto,FreeLocal,Intnl_discount,50,4,T
85,24,0,20,0,CH,FreeLocal,Intnl_discount,44,4,F
86,15,0,24,0,CH,FreeLocal,Standard,39,3,F
88,2,8,17,0,CC,FreeLocal,Standard,28,4,F
90,16,1,125,0,CC,FreeLocal,Intnl_discount,142,2,T
92,24,0,73,0,CH,FreeLocal,Standard,97,2,T
94,9,0,11,0,CC,FreeLocal,Standard,21,1,T
95,20,0,41,1,CC,Budget,Intnl_discount,62,2,F
110,1,0,11,0,CC,Budget,Standard,14,3,T
111,25,0,179,0,CC,FreeLocal,Standard,206,2,T
120,29,0,52,0,Auto,FreeLocal,Standard,82,2,F
121,27,0,57,0,CC,Budget,Standard,85,3,T
127,22,0,34,0,Auto,Budget,Standard,57,2,T
130,0,0,3,0,CC,Budget,Standard,3,4,F
133,20,1,112,0,Auto,Budget,Intnl_discount,134,1,F
135,0,0,0,0,Auto,Budget,Intnl_discount,0,2,T
136,15,1,12,0,CC,Budget,Standard,29,1,F
140,28,0,161,0,CC,FreeLocal,Intnl_discount,190,2,T
142,6,0,58,0,CC,Budget,Standard,64,1,F
148,26,0,13,0,CC,FreeLocal,Standard,40,3,F
158,11,0,15,0,CC,Budget,Standard,26,1,F
160,22,0,28,0,Auto,Budget,Standard,50,4,F
161,2,0,150,0,Auto,FreeLocal,Standard,152,2,F
166,13,1,36,0,CH,FreeLocal,Standard,51,3,T
169,29,0,8,0,CH,Budget,Intnl_discount,38,1,T
174,0,3,10,0,CC,Budget,Intnl_discount,14,4,T
178,27,0,23,0,CC,Budget,Standard,51,3,F
180,11,0,25,0,CC,FreeLocal,Standard,37,4,T
190,10,0,57,0,CC,FreeLocal,Standard,67,1,F
191,29,0,10,0,CC,FreeLocal,Standard,40,4,T
192,9,0,62,1,CH,FreeLocal,Standard,72,3,T
194,29,0,332,0,CC,Budget,Standard,361,1,F
195,11,0,28,0,CC,FreeLocal,Intnl_discount,40,2,T
198,11,0,95,0,Auto,Budget,Standard,107,1,T
201,21,0,29,1,CC,FreeLocal,Standard,51,4,T
206,0,0,22,0,CC,Budget,Standard,22,1,F
209,20,0,23,0,CC,Budget,Intnl_discount,43,4,F
218,29,0,90,4,Auto,FreeLocal,Intnl_discount,119,3,F
219,24,6,27,0,Auto,Budget,Standard,58,2,T
221,15,0,70,0,CC,Budget,Intnl_discount,85,4,F
224,6,0,15,0,CC,FreeLocal,Standard,21,2,F
225,0,0,23,2,Auto,Budget,Standard,24,4,F
229,2,0,9,0,CC,Budget,Intnl_discount,12,4,F
231,26,0,103,0,CC,FreeLocal,Standard,129,1,F
232,5,8,63,0,Auto,FreeLocal,Standard,77,3,F
233,6,0,30,0,Auto,FreeLocal,Intnl_discount,37,2,F
234,16,0,113,1,CH,Budget,Standard,129,2,F
236,22,0,41,0,CC,Budget,Intnl_discount,64,3,T
237,28,0,38,0,CC,FreeLocal,Standard,67,4,F
238,17,0,8,0,CH,FreeLocal,Intnl_discount,26,4,F
239,13,0,144,0,CC,Budget,Standard,158,3,T
241,22,0,151,0,Auto,FreeLocal,Intnl_discount,174,2,F
243,13,0,11,0,Auto,FreeLocal,Standard,25,3,F
244,25,0,10,0,CC,FreeLocal,Intnl_discount,35,3,F
246,25,0,252,1,Auto,Budget,Standard,277,2,F
254,0,0,10,0,CC,FreeLocal,Standard,10,3,F
257,22,0,63,0,Auto,FreeLocal,Standard,86,3,F
261,20,0,37,0,Auto,Budget,Standard,57,3,F
263,21,0,139,0,Auto,Budget,Standard,160,3,F
264,6,4,153,0,CC,FreeLocal,Intnl_discount,164,2,F
265,19,2,14,1,Auto,Budget,Intnl_discount,35,4,F
266,2,0,36,1,CC,FreeLocal,Standard,38,3,T
267,7,0,65,0,CH,Budget,Intnl_discount,73,2,F
272,21,0,19,0,CC,FreeLocal,Intnl_discount,41,4,F
281,29,0,116,3,CH,Budget,Standard,145,2,F
284,10,0,137,0,CC,FreeLocal,Standard,147,4,T
285,23,0,126,0,Auto,FreeLocal,Standard,150,3,F
286,0,0,2,0,CH,Budget,Standard,2,4,T
288,2,1,43,0,CH,Budget,Intnl_discount,46,2,F
289,20,8,80,0,CH,Budget,Intnl_discount,109,1,T
291,14,3,45,0,CC,Budget,Standard,63,3,T
295,22,7,65,0,CC,FreeLocal,Standard,95,4,T
304,22,7,64,0,CC,FreeLocal,Intnl_discount,94,3,T
305,14,0,8,0,CC,Budget,Standard,22,4,T
308,16,5,30,0,CC,FreeLocal,Intnl_discount,52,2,T
312,8,0,22,0,CC,FreeLocal,Standard,31,4,F
313,21,0,256,0,CC,Budget,Standard,278,2,F
315,28,0,113,0,CC,FreeLocal,Standard,141,2,T
317,7,4,43,0,CC,FreeLocal,Standard,55,4,T
318,14,5,73,0,CH,FreeLocal,Standard,93,4,T
320,20,2,90,0,Auto,FreeLocal,Standard,112,2,F
326,29,0,62,0,CH,Budget,Standard,92,4,T
329,17,6,51,0,CC,FreeLocal,Standard,74,2,F
331,0,0,3,0,CC,Budget,Intnl_discount,3,3,T
332,18,0,104,0,CC,Budget,Standard,123,4,T
333,0,0,10,0,Auto,Budget,Standard,10,2,F
334,15,0,25,0,CC,FreeLocal,Standard,40,4,T
335,29,0,59,0,CC,FreeLocal,Standard,88,2,F
336,18,0,25,0,Auto,FreeLocal,Standard,44,4,F
338,0,7,208,0,Auto,Budget,Standard,215,4,F
339,23,0,51,0,Auto,FreeLocal,Standard,74,3,F
343,6,0,43,0,CC,FreeLocal,Standard,50,1,F
346,6,0,46,0,CC,FreeLocal,Standard,53,1,F
349,27,0,93,0,CH,Budget,Standard,120,3,T
350,7,0,9,1,CC,Budget,Standard,17,1,F
351,0,0,2,0,CH,Budget,Intnl_discount,2,4,F
353,26,0,236,0,CC,Budget,Standard,263,4,F
356,20,0,84,0,CC,FreeLocal,Intnl_discount,104,3,T
358,2,0,164,0,CC,Budget,Intnl_discount,167,1,F
361,6,7,128,1,CC,FreeLocal,Standard,142,2,F
363,0,0,4,0,CC,Budget,Standard,4,4,F
370,7,0,20,1,CH,Budget,Standard,28,1,F
372,21,3,17,0,CC,FreeLocal,Standard,42,2,T
374,25,0,8,0,CH,FreeLocal,Standard,34,2,T
375,0,0,112,0,CC,Budget,Standard,113,3,F
383,27,0,51,0,Auto,FreeLocal,Standard,78,2,F
384,29,5,35,0,CC,Budget,Standard,70,2,T
385,20,0,100,0,Auto,Budget,Standard,120,1,F
388,19,0,118,0,Auto,FreeLocal,Standard,137,2,F
389,17,0,27,0,CH,Budget,Standard,44,2,F
391,10,0,32,0,Auto,FreeLocal,Standard,43,2,T
392,21,0,192,0,CC,FreeLocal,Standard,214,2,F
394,8,9,77,0,CH,Budget,Standard,94,2,F
404,17,0,106,0,Auto,FreeLocal,Standard,123,3,T
405,8,0,37,0,CH,FreeLocal,Standard,46,2,F
407,11,0,12,0,CH,FreeLocal,Intnl_discount,23,3,F
408,2,0,50,0,Auto,Budget,Standard,52,2,F
414,9,9,8,0,CC,FreeLocal,Intnl_discount,27,1,F
422,0,0,0,0,Auto,Budget,Standard,0,2,F
423,28,0,160,0,CC,FreeLocal,Standard,176,1,T
424,2,0,24,0,CH,Budget,Intnl_discount,27,3,F
428,3,8,5,0,CC,Budget,Intnl_discount,16,2,F
429,20,0,106,0,Auto,FreeLocal,Intnl_discount,127,2,F
431,30,0,262,0,CC,Budget,Standard,265,3,T
436,22,0,82,0,CC,Budget,Intnl_discount,104,2,F
438,11,0,5,0,CC,Budget,Standard,17,4,T
439,40,0,99,0,CC,FreeLocal,Standard,108,2,T
441,27,0,154,0,CC,Budget,Intnl_discount,168,2,T
442,26,0,61,0,CC,Budget,Standard,65,2,T
443,33,0,35,0,Auto,Budget,Standard,41,3,T
444,33,0,9,0,Auto,Budget,Intnl_discount,23,1,T
445,37,2,38,0,CC,FreeLocal,Standard,62,1,T
450,13,0,96,0,CC,FreeLocal,Standard,110,4,F
455,21,0,6,0,CC,Budget,Standard,27,2,F
456,29,0,13,0,CC,FreeLocal,Standard,42,1,F
458,14,0,88,0,CH,Budget,Intnl_discount,102,1,T
461,11,0,5,0,CC,FreeLocal,Standard,18,1,T
463,14,6,214,0,CC,Budget,Standard,234,2,T
464,3,0,100,0,CC,Budget,Intnl_discount,113,2,F
466,8,0,6,0,CC,FreeLocal,Intnl_discount,33,2,F
468,7,0,43,0,CC,FreeLocal,Standard,56,2,F
469,28,0,17,0,CC,FreeLocal,Standard,45,2,F
470,12,0,89,0,CH,FreeLocal,Standard,102,1,T
472,12,0,18,0,CC,Budget,Standard,31,1,T
474,5,7,76,0,CH,FreeLocal,Intnl_discount,88,1,T
475,21,0,85,0,CC,Budget,Intnl_discount,107,3,F
476,3,0,37,0,CH,Budget,Intnl_discount,40,1,T
477,20,0,9,0,Auto,Budget,Intnl_discount,29,3,F
479,18,0,8,0,CC,Budget,Standard,27,2,F
481,20,4,117,0,CH,Budget,Intnl_discount,142,3,F
484,21,0,87,0,CC,Budget,Standard,109,2,T
488,13,0,8,0,CH,FreeLocal,Standard,22,2,F
497,29,0,9,0,CC,Budget,Intnl_discount,38,1,F
499,23,0,10,0,Auto,Budget,Intnl_discount,34,2,F
504,16,0,114,0,CH,Budget,Standard,130,3,T
505,7,0,6,0,CC,Budget,Standard,13,4,F
506,21,0,87,0,CC,Budget,Standard,108,4,F
510,8,0,13,0,CH,Budget,Standard,21,2,F
513,23,0,206,0,CC,Budget,Intnl_discount,229,2,T
518,29,0,45,0,CH,FreeLocal,Standard,75,1,F
520,24,0,22,0,CC,FreeLocal,Standard,47,2,F
523,26,0,32,1,CC,Budget,Standard,59,4,F
526,5,0,23,0,CH,Budget,Intnl_discount,28,1,F
529,12,0,46,4,CC,FreeLocal,Standard,58,1,F
530,26,0,32,0,CC,Budget,Intnl_discount,58,2,F
534,9,0,38,0,CC,Budget,Standard,48,3,F
536,17,4,49,1,Auto,FreeLocal,Standard,72,4,F
547,0,0,28,0,CC,FreeLocal,Standard,29,4,T
548,22,0,13,0,Auto,Budget,Standard,36,1,T
549,28,0,45,0,CH,Budget,Standard,74,4,T
550,26,0,12,0,CC,FreeLocal,Standard,38,4,T
554,13,8,56,0,CC,Budget,Standard,78,1,F
560,14,0,25,0,CC,Budget,Standard,40,4,T
564,4,0,91,1,CC,Budget,Standard,96,3,T
565,16,0,81,0,CH,Budget,Standard,98,4,F
566,3,0,11,1,CC,Budget,Standard,15,1,T
572,11,0,50,0,CC,FreeLocal,Standard,61,2,T
573,21,0,293,0,CH,Budget,Standard,314,4,T
574,0,0,2,0,CC,Budget,Standard,2,3,F
575,12,0,163,0,CC,Budget,Intnl_discount,175,2,T
577,0,0,1,0,CC,FreeLocal,Intnl_discount,1,2,T
580,18,0,59,0,CC,FreeLocal,Standard,77,3,T
585,26,0,9,0,Auto,FreeLocal,Intnl_discount,35,3,F
587,23,0,50,0,Auto,FreeLocal,Standard,73,4,F
591,20,8,13,0,CC,FreeLocal,Standard,43,4,T
593,14,8,10,0,CH,FreeLocal,Standard,33,4,T
596,16,0,56,0,CC,Budget,Intnl_discount,72,4,F
598,15,0,24,0,CH,FreeLocal,Standard,39,4,F
602,16,1,125,0,CC,FreeLocal,Intnl_discount,142,2,T
604,24,0,73,0,CH,FreeLocal,Standard,97,3,T
606,9,0,11,0,CC,FreeLocal,Standard,21,4,T
609,1,0,25,0,CC,FreeLocal,Standard,27,4,F
616,29,9,104,0,CC,Budget,Standard,143,4,T
621,16,5,10,0,CC,Budget,Standard,32,4,T
622,3,0,11,0,CC,Budget,Standard,14,2,F
626,27,0,58,0,Auto,Budget,Standard,86,3,T
633,27,0,57,0,CC,Budget,Standard,85,4,T
639,22,0,34,0,Auto,Budget,Standard,57,1,T
645,20,1,112,0,Auto,Budget,Intnl_discount,134,2,F
647,0,0,0,0,Auto,Budget,Intnl_discount,0,4,T
648,15,1,12,0,CC,Budget,Standard,29,3,F
651,22,0,27,0,CH,Budget,Standard,49,2,F
652,28,0,161,0,CC,FreeLocal,Intnl_discount,190,2,T
654,6,0,58,0,CC,Budget,Standard,64,4,F
666,11,9,115,1,CC,FreeLocal,Intnl_discount,137,4,T
670,11,0,15,0,CC,Budget,Standard,26,3,F
672,22,0,28,0,Auto,Budget,Standard,50,2,F
690,27,0,23,0,CC,Budget,Standard,51,1,F
694,23,0,80,0,Auto,Budget,Standard,103,1,T
702,10,0,57,0,CC,FreeLocal,Standard,67,2,F
704,9,0,62,1,CH,FreeLocal,Standard,72,4,T
707,11,0,28,0,CC,FreeLocal,Intnl_discount,40,1,T
715,23,0,168,0,CC,FreeLocal,Standard,191,1,F
721,20,0,23,0,CC,Budget,Intnl_discount,43,1,F
726,4,0,114,1,CH,Budget,Standard,118,3,F
730,29,0,90,4,Auto,FreeLocal,Intnl_discount,119,4,F
731,24,6,27,0,Auto,Budget,Standard,58,4,T
734,4,7,8,0,CC,Budget,Standard,20,3,T
737,0,0,23,2,Auto,Budget,Standard,24,2,F
740,4,0,6,0,CC,Budget,Intnl_discount,11,2,F
741,2,0,9,0,CC,Budget,Intnl_discount,12,4,F
746,16,0,113,1,CH,Budget,Standard,129,2,F
748,22,0,41,0,CC,Budget,Intnl_discount,64,3,T
750,17,0,8,0,CH,FreeLocal,Intnl_discount,26,4,F
751,13,0,144,0,CC,Budget,Standard,158,2,T
752,10,0,93,0,CC,Budget,Standard,104,4,F
754,15,0,8,0,CC,FreeLocal,Intnl_discount,24,1,F
756,25,0,10,0,CC,FreeLocal,Intnl_discount,35,2,F
759,3,3,26,1,CC,FreeLocal,Standard,34,1,T
766,0,0,10,0,CC,FreeLocal,Standard,10,4,F
767,22,0,103,1,CC,FreeLocal,Standard,126,1,T
773,20,0,37,0,Auto,Budget,Standard,57,4,F
775,21,0,139,0,Auto,Budget,Standard,160,2,F
777,19,2,14,1,Auto,Budget,Intnl_discount,35,2,F
779,7,0,65,0,CH,Budget,Intnl_discount,73,4,F
784,21,0,19,0,CC,FreeLocal,Intnl_discount,41,2,F
791,0,0,2,0,CH,FreeLocal,Intnl_discount,2,4,F
792,18,5,20,0,CC,Budget,Standard,43,4,T
795,27,0,45,0,Auto,Budget,Standard,73,1,F
796,10,0,137,0,CC,FreeLocal,Standard,147,4,T
800,2,1,43,0,CH,Budget,Intnl_discount,46,3,T
801,20,8,80,0,CH,Budget,Intnl_discount,109,4,T
803,14,3,45,0,CC,Budget,Standard,63,3,T
807,22,7,65,0,CC,FreeLocal,Standard,95,1,T
820,16,5,30,0,CC,FreeLocal,Intnl_discount,52,4,T
824,8,0,22,0,CC,FreeLocal,Standard,31,3,F
827,28,0,113,0,CC,FreeLocal,Standard,141,4,T
829,7,4,43,0,CC,FreeLocal,Standard,55,1,T
830,14,5,73,0,CC,FreeLocal,Standard,93,1,T
838,29,0,62,0,CH,Budget,Standard,92,1,T
840,1,0,29,0,CC,Budget,Standard,31,4,F
841,17,6,51,0,CC,FreeLocal,Standard,74,4,T
843,0,0,3,0,CC,Budget,Intnl_discount,3,1,T
844,18,0,104,0,CC,Budget,Standard,123,1,T
845,0,0,10,0,Auto,Budget,Standard,10,3,F
847,29,0,59,0,CC,FreeLocal,Standard,88,3,F
848,18,0,25,0,Auto,FreeLocal,Standard,44,2,F
851,23,0,51,0,Auto,FreeLocal,Standard,74,3,F
858,6,0,46,0,CC,FreeLocal,Standard,53,3,F
861,27,0,93,0,CH,Budget,Standard,120,4,T
862,7,0,9,1,CC,Budget,Standard,17,3,F
863,0,0,2,0,CH,Budget,Intnl_discount,2,4,F
868,20,0,84,0,CC,FreeLocal,Intnl_discount,104,2,T
870,2,0,164,0,CC,Budget,Intnl_discount,167,2,F
872,12,0,53,0,Auto,FreeLocal,Intnl_discount,66,1,F
873,6,7,128,1,CC,FreeLocal,Standard,142,2,F
875,0,0,4,0,CC,Budget,Standard,4,1,F
886,25,0,8,0,CH,FreeLocal,Standard,34,4,T
887,0,0,112,0,CC,Budget,Standard,113,2,F
891,24,5,60,0,CC,FreeLocal,Standard,90,1,F
895,27,0,51,0,Auto,FreeLocal,Standard,78,3,F
897,20,0,100,0,Auto,Budget,Standard,120,3,F
898,2,0,65,0,Auto,FreeLocal,Standard,93,2,F
900,19,0,118,0,Auto,FreeLocal,Standard,137,1,F
901,17,0,27,0,CH,Budget,Standard,44,3,F
903,10,0,32,0,Auto,FreeLocal,Standard,43,4,T
904,21,0,192,0,CC,FreeLocal,Standard,214,2,F
906,8,9,77,0,CH,Budget,Standard,94,3,F
910,20,0,19,0,CC,Budget,Standard,41,4,T
913,15,0,6,0,CC,Budget,Standard,22,2,F
916,17,0,106,0,Auto,FreeLocal,Standard,123,1,T
917,8,0,37,0,CH,FreeLocal,Standard,46,1,T
919,11,0,12,0,CH,FreeLocal,Intnl_discount,23,3,F
926,9,9,8,0,CC,FreeLocal,Intnl_discount,27,2,F
933,27,6,124,2,CH,FreeLocal,Standard,157,2,T
934,0,0,0,0,Auto,Budget,Standard,0,4,F
935,29,0,160,0,CC,FreeLocal,Standard,176,1,T
936,2,0,24,0,CH,Budget,Intnl_discount,27,2,F
939,1,0,83,0,CC,FreeLocal,Intnl_discount,84,3,F
940,3,8,5,0,CC,Budget,Intnl_discount,16,4,T
941,20,0,106,0,Auto,FreeLocal,Intnl_discount,127,3,F
943,30,0,262,0,CC,Budget,Standard,265,3,T
950,11,0,5,0,CC,Budget,Standard,17,3,T
952,26,0,26,0,Auto,FreeLocal,Intnl_discount,48,4,T
953,27,0,154,0,CC,Budget,Intnl_discount,168,3,T
954,26,0,61,0,CC,Budget,Standard,65,2,T
957,37,2,38,0,CC,FreeLocal,Standard,62,2,T
958,28,0,106,0,CC,Budget,Standard,134,1,T
967,21,0,6,0,CC,Budget,Standard,27,4,F
968,29,0,13,0,CC,FreeLocal,Standard,42,4,F
972,6,0,132,0,CC,FreeLocal,Standard,139,4,F
973,11,0,5,0,CC,FreeLocal,Standard,18,3,T
974,3,0,25,1,CC,Budget,Intnl_discount,29,3,T
975,14,6,214,0,CC,Budget,Standard,234,3,T
976,2,0,100,0,CC,Budget,Intnl_discount,113,2,F
977,2,7,40,0,CC,Budget,Standard,73,2,F
978,2,0,6,0,CC,FreeLocal,Intnl_discount,33,2,F
979,2,0,49,0,Auto,FreeLocal,Standard,50,2,F
980,2,0,43,0,CC,FreeLocal,Standard,56,2,F
981,28,0,17,0,CC,FreeLocal,Standard,45,3,F
982,12,0,89,0,CH,FreeLocal,Standard,102,1,T
983,12,8,45,0,CC,Budget,Intnl_discount,66,4,F
984,12,0,18,0,CC,Budget,Standard,31,1,T
985,2,5,23,0,Auto,Budget,Intnl_discount,31,3,F
987,21,0,85,0,CC,Budget,Intnl_discount,107,4,F
988,3,0,37,0,CH,Budget,Intnl_discount,40,1,T
989,20,0,9,0,Auto,Budget,Intnl_discount,29,2,F
990,3,0,40,0,CC,FreeLocal,Standard,44,2,T
991,18,0,8,0,CC,Budget,Standard,27,2,F
996,21,0,87,0,CC,Budget,Standard,109,1,T
1004,28,0,60,0,Auto,FreeLocal,Standard,89,4,F
1005,24,0,5,0,CH,Budget,Standard,29,4,F
1008,0,0,4,2,CC,Budget,Standard,4,2,F
1009,29,0,9,0,CC,Budget,Intnl_discount,38,2,F
1010,13,0,40,0,CC,Budget,Standard,53,4,F
1016,16,0,114,0,CH,Budget,Standard,130,1,T
1017,7,0,6,0,CC,Budget,Standard,13,3,F
1018,21,0,87,0,CC,Budget,Standard,108,1,F
1020,0,0,11,0,CC,FreeLocal,Intnl_discount,12,3,T
1022,8,0,13,0,CH,Budget,Standard,21,3,F
1030,29,0,45,0,CH,FreeLocal,Standard,75,4,F
1032,24,0,22,0,CC,FreeLocal,Standard,47,1,F
1038,5,0,23,0,CH,Budget,Intnl_discount,28,2,F
1041,12,0,46,4,CC,FreeLocal,Standard,58,4,F
1042,26,0,32,0,CC,Budget,Intnl_discount,58,1,F
1045,20,0,13,0,CC,Budget,Standard,34,2,F
1046,9,0,38,0,CC,Budget,Standard,48,1,F
1047,9,0,6,0,CC,Budget,Intnl_discount,15,1,F
1048,17,4,49,1,Auto,FreeLocal,Standard,72,3,F
1059,0,0,28,0,CC,FreeLocal,Standard,29,3,F
1061,28,0,45,0,CH,Budget,Standard,74,4,T
1066,13,8,56,0,CC,Budget,Standard,78,3,F
1069,11,1,22,0,CC,FreeLocal,Standard,36,2,T
1072,14,0,25,0,CC,Budget,Standard,40,4,T
1073,20,0,15,1,CC,FreeLocal,Standard,36,4,F
1084,11,0,50,0,CC,FreeLocal,Standard,61,4,T
1085,21,0,293,0,CH,Budget,Standard,314,2,T
1086,0,0,2,0,CC,Budget,Standard,2,2,F
1087,12,0,163,0,CC,Budget,Intnl_discount,175,4,T
1092,18,0,59,0,CC,FreeLocal,Standard,77,2,T
1095,20,0,39,0,CH,Budget,Intnl_discount,59,4,F
1098,28,4,13,0,CC,Budget,Intnl_discount,47,4,F
1099,23,0,50,0,Auto,FreeLocal,Standard,73,1,F
1101,9,4,111,0,Auto,Budget,Intnl_discount,125,4,T
1103,20,8,13,0,CC,FreeLocal,Standard,43,4,T
1104,11,0,47,0,Auto,Budget,Standard,58,4,F
1108,16,0,56,0,CC,Budget,Intnl_discount,72,4,F
1113,11,0,74,0,Auto,FreeLocal,Intnl_discount,86,2,F
1114,16,1,125,0,CC,FreeLocal,Intnl_discount,142,1,T
1116,24,0,73,0,CH,FreeLocal,Standard,97,2,T
1132,22,0,40,0,Auto,Budget,Standard,62,1,T
1134,2,0,11,0,CC,Budget,Standard,14,2,F
1144,29,0,52,0,Auto,FreeLocal,Standard,82,1,F
1145,27,0,57,0,CC,Budget,Standard,85,1,T
1148,3,0,44,0,CC,FreeLocal,Standard,47,4,F
1159,0,0,0,0,Auto,Budget,Intnl_discount,0,4,T
1160,15,1,12,0,CC,Budget,Standard,29,3,F
1162,2,1,12,0,CC,FreeLocal,Standard,13,2,F
1163,22,0,27,0,CH,Budget,Standard,49,2,F
1178,11,9,115,1,Auto,FreeLocal,Intnl_discount,137,1,T
1182,11,0,15,0,CC,Budget,Standard,26,1,F
1184,22,0,28,0,Auto,Budget,Standard,50,3,F
1185,2,0,150,0,Auto,FreeLocal,Standard,152,3,F
1193,29,0,8,0,CH,Budget,Intnl_discount,38,1,T
1198,0,3,10,0,CC,Budget,Intnl_discount,14,4,T
1202,27,0,23,0,CC,Budget,Standard,51,4,F
1204,11,0,25,0,CC,FreeLocal,Standard,37,3,T
1206,23,0,80,0,Auto,Budget,Standard,103,4,T
1214,10,0,57,0,CC,FreeLocal,Standard,67,1,F
1215,29,0,10,0,CC,FreeLocal,Standard,40,1,T
1218,29,0,332,0,CC,Budget,Standard,361,2,F
1219,11,0,28,0,CC,FreeLocal,Intnl_discount,40,3,T
1222,11,0,95,0,Auto,Budget,Standard,107,1,T
1225,21,0,29,1,CC,FreeLocal,Standard,51,1,T
1227,23,0,168,0,CC,FreeLocal,Standard,191,1,F
1233,20,0,23,0,CC,Budget,Intnl_discount,43,3,F
1238,4,0,114,1,CH,Budget,Standard,118,3,F
1243,24,6,27,0,Auto,Budget,Standard,58,3,T
1244,25,0,68,0,CC,FreeLocal,Standard,94,1,F
1246,4,7,8,0,CC,Budget,Standard,20,4,T
1248,6,0,15,0,CC,FreeLocal,Standard,21,1,F
1249,0,0,23,2,Auto,Budget,Standard,24,3,F
1252,4,0,6,0,CC,Budget,Intnl_discount,11,3,F
1253,2,0,9,0,CC,Budget,Intnl_discount,12,2,F
1255,26,0,103,0,CC,FreeLocal,Standard,129,4,F
1256,5,8,63,0,Auto,FreeLocal,Standard,77,3,F
1257,6,0,30,0,Auto,FreeLocal,Intnl_discount,37,1,F
1260,22,0,41,0,CC,Budget,Intnl_discount,64,3,T
1261,28,0,38,0,CC,FreeLocal,Standard,67,4,F
1262,17,0,8,0,CH,FreeLocal,Intnl_discount,26,1,F
1264,10,0,93,0,CC,Budget,Standard,104,3,F
1265,22,0,151,0,Auto,FreeLocal,Intnl_discount,174,3,F
1267,13,0,11,0,Auto,FreeLocal,Standard,25,2,F
1268,25,0,10,0,CC,FreeLocal,Intnl_discount,35,3,F
1273,17,0,39,0,CC,Budget,Intnl_discount,57,4,F
1276,5,8,25,0,CC,Budget,Intnl_discount,39,1,F
1278,0,0,10,0,CC,FreeLocal,Standard,10,1,F
1279,22,0,103,1,CC,FreeLocal,Standard,126,2,T
1280,0,0,0,0,CC,FreeLocal,Standard,0,2,F
1281,22,0,63,0,Auto,FreeLocal,Standard,86,4,F
1282,0,0,2,0,CC,FreeLocal,Standard,2,2,F
1283,4,7,258,0,CC,Budget,Intnl_discount,270,2,F
1284,25,0,125,2,CH,FreeLocal,Standard,151,4,F
1287,21,0,139,0,Auto,Budget,Standard,160,4,F
1290,2,0,36,1,CC,FreeLocal,Standard,38,1,T
1291,7,0,65,0,CH,Budget,Intnl_discount,73,3,F
1292,10,0,13,0,CC,FreeLocal,Standard,23,2,F
1296,21,0,19,0,CC,FreeLocal,Intnl_discount,41,2,F
1299,11,0,48,0,CC,Budget,Intnl_discount,59,1,F
1300,11,0,28,0,Auto,Budget,Intnl_discount,40,4,F
1301,17,6,51,0,CC,FreeLocal,Standard,74,4,T
1303,0,0,2,0,CH,FreeLocal,Intnl_discount,2,1,F
1304,18,5,20,0,CC,Budget,Standard,43,2,T
1305,29,0,116,3,CH,Budget,Standard,145,2,F
1306,28,0,45,0,CH,Budget,Standard,74,4,T
1307,27,0,45,0,Auto,Budget,Standard,73,1,F
1309,23,0,126,0,Auto,FreeLocal,Standard,150,3,F
1310,0,0,2,0,CH,Budget,Standard,2,1,T
1311,12,0,83,0,CH,FreeLocal,Standard,96,1,F
1312,2,1,43,0,CH,Budget,Intnl_discount,46,3,T
1313,20,8,80,0,CH,Budget,Intnl_discount,109,3,T
1314,8,4,55,0,CH,Budget,Intnl_discount,68,3,T
1315,14,3,45,0,CC,Budget,Standard,63,1,T
1316,21,0,25,0,CC,Budget,Standard,46,2,F
1317,9,4,111,0,Auto,Budget,Intnl_discount,125,4,T
1318,19,0,105,0,CH,Budget,Standard,125,1,F
1319,22,7,65,0,CC,FreeLocal,Standard,95,1,T
1321,29,0,48,0,CC,FreeLocal,Standard,78,1,F
1322,12,0,7,0,Auto,Budget,Intnl_discount,20,4,T
1327,29,0,114,1,CC,FreeLocal,Standard,143,2,F
1331,19,6,11,0,CC,FreeLocal,Intnl_discount,38,1,T
1332,16,5,30,0,CC,FreeLocal,Intnl_discount,52,3,T
1334,22,8,75,0,CH,Budget,Intnl_discount,106,2,T
1336,8,0,22,0,CC,FreeLocal,Standard,31,4,F
1339,28,0,113,0,CC,FreeLocal,Standard,141,2,T
1341,7,4,43,0,CC,FreeLocal,Standard,55,1,T
1342,14,5,73,0,CC,FreeLocal,Standard,93,1,T
1344,20,2,90,0,Auto,FreeLocal,Standard,112,3,F
1346,16,4,18,0,CH,FreeLocal,Intnl_discount,39,2,T
1353,17,6,51,0,CC,FreeLocal,Standard,74,4,T
1355,0,0,3,0,CC,Budget,Intnl_discount,3,2,F
1359,29,0,59,0,CC,FreeLocal,Standard,88,1,F
1360,18,0,25,0,Auto,FreeLocal,Standard,44,1,F
1362,0,7,208,0,Auto,Budget,Standard,215,1,F
1363,23,0,51,0,Auto,FreeLocal,Standard,74,1,F
1365,4,3,82,0,CH,Budget,Intnl_discount,90,3,T
1367,6,0,43,0,CC,FreeLocal,Standard,50,2,F
1369,6,8,184,0,Auto,Budget,Standard,199,2,F
1374,7,0,9,1,CC,Budget,Standard,17,1,F
1375,0,0,2,0,CH,Budget,Intnl_discount,2,1,F
1378,7,0,7,0,CC,Budget,Standard,14,2,F
1379,25,7,54,0,CH,Budget,Intnl_discount,87,3,T
1380,20,0,84,0,CC,FreeLocal,Intnl_discount,104,4,T
1384,12,0,53,0,Auto,FreeLocal,Intnl_discount,66,4,F
1385,6,7,128,1,CC,FreeLocal,Standard,142,4,T
1387,0,0,4,0,CC,Budget,Standard,4,1,F
1399,0,0,112,0,CC,Budget,Standard,113,3,F
1401,0,0,3,1,CH,Budget,Intnl_discount,3,3,F
1403,24,5,60,0,CC,FreeLocal,Standard,90,4,F
1406,10,0,72,0,CC,Budget,Standard,82,3,F
1407,27,0,51,0,Auto,FreeLocal,Standard,78,2,F
1408,29,5,35,0,CC,Budget,Standard,70,3,T
1409,20,0,100,0,Auto,Budget,Standard,120,2,F
1410,2,0,65,0,Auto,FreeLocal,Standard,93,2,F
1413,17,0,27,0,CH,Budget,Standard,44,3,F
1418,8,9,77,0,CH,Budget,Standard,94,3,F
1422,20,0,19,0,CC,Budget,Standard,41,3,T
1428,17,0,106,0,Auto,FreeLocal,Standard,123,1,T
1429,8,0,37,0,CH,FreeLocal,Standard,46,4,F
1431,11,0,12,0,CH,FreeLocal,Intnl_discount,23,2,F
1432,2,0,50,0,Auto,Budget,Standard,52,1,F
1438,9,9,8,0,CC,FreeLocal,Intnl_discount,27,1,F
1445,27,6,124,2,CH,FreeLocal,Standard,157,4,T
1447,30,0,160,0,CC,FreeLocal,Standard,176,1,T
1448,2,0,24,0,CH,Budget,Intnl_discount,27,3,F
1451,1,0,83,0,CC,FreeLocal,Intnl_discount,84,1,F
1453,20,0,106,0,Auto,FreeLocal,Intnl_discount,127,2,F
1455,37,0,262,0,CC,Budget,Standard,265,3,T
1460,22,0,82,0,CC,Budget,Intnl_discount,104,3,F
1462,11,0,5,0,CC,Budget,Standard,17,3,T
1463,32,0,99,0,CC,FreeLocal,Standard,108,4,T
1464,39,0,26,0,Auto,FreeLocal,Intnl_discount,48,3,T
1465,59,0,154,0,CC,Budget,Intnl_discount,168,4,T
1466,43,0,61,0,CC,Budget,Standard,65,4,T
1467,39,0,35,0,Auto,Budget,Standard,41,1,T
1468,14,0,9,0,Auto,Budget,Intnl_discount,23,2,F
1469,59,2,38,0,CC,FreeLocal,Standard,62,4,T
1480,29,0,13,0,CC,FreeLocal,Standard,42,4,F
1482,14,0,88,0,CH,Budget,Intnl_discount,102,3,T
1484,6,0,132,0,CC,FreeLocal,Standard,139,4,F
1491,2,0,49,0,Auto,FreeLocal,Standard,50,2,F
1492,1,0,43,0,CC,FreeLocal,Standard,56,2,F
1494,12,0,89,0,CH,FreeLocal,Standard,102,1,T
1496,12,0,18,0,CC,Budget,Standard,31,1,T
1497,2,5,23,0,Auto,Budget,Intnl_discount,31,4,F
1498,5,7,76,0,CH,FreeLocal,Intnl_discount,88,2,F
1499,21,0,85,0,CC,Budget,Intnl_discount,107,1,T
1503,18,0,8,0,CC,Budget,Standard,27,2,F
1505,20,4,117,0,CH,Budget,Intnl_discount,142,4,F
1508,21,0,87,0,CC,Budget,Standard,109,3,T
1515,0,0,15,0,CC,FreeLocal,Standard,15,3,F
1516,28,0,60,0,Auto,FreeLocal,Standard,89,3,F
1519,29,0,40,0,CC,Budget,Intnl_discount,70,2,F
1522,13,0,40,0,CC,Budget,Standard,53,2,F
1523,23,0,10,0,Auto,Budget,Intnl_discount,34,2,F
1524,16,0,126,0,CC,FreeLocal,Standard,142,4,F
1529,7,0,6,0,CC,Budget,Standard,13,4,F
1530,21,0,87,0,CC,Budget,Standard,108,4,F
1532,0,0,11,0,CC,FreeLocal,Intnl_discount,12,3,T
1533,18,0,136,0,CH,FreeLocal,Standard,154,2,T
1534,8,0,13,0,CH,Budget,Standard,21,1,F
1537,23,0,206,0,CC,Budget,Intnl_discount,229,2,T
1542,29,0,45,0,CH,FreeLocal,Standard,75,1,F
1547,26,0,32,1,CC,Budget,Standard,59,4,F
1553,12,0,46,4,CC,FreeLocal,Standard,58,1,F
1559,9,0,6,0,CC,Budget,Intnl_discount,15,2,F
1560,17,4,49,1,Auto,FreeLocal,Standard,72,2,F
1572,22,0,13,0,Auto,Budget,Standard,36,4,T
1573,28,0,45,0,CH,Budget,Standard,74,4,T
1574,26,0,12,0,CC,FreeLocal,Standard,38,4,T
1581,11,1,22,0,CC,FreeLocal,Standard,36,2,T
1584,14,0,25,0,CC,Budget,Standard,40,3,T
1589,16,0,81,0,CH,Budget,Standard,98,4,F
1596,11,0,50,0,CC,FreeLocal,Standard,61,3,T
1597,21,0,293,0,CH,Budget,Standard,314,1,T
1598,0,0,2,0,CC,Budget,Standard,2,3,F
1599,12,0,163,0,CC,Budget,Intnl_discount,175,1,T
1601,0,0,1,0,CC,FreeLocal,Intnl_discount,1,3,T
1604,18,0,59,0,CC,FreeLocal,Standard,77,2,T
1610,28,4,13,0,CC,Budget,Intnl_discount,47,4,F
1615,20,8,13,0,CC,FreeLocal,Standard,43,4,T
1616,11,0,47,0,Auto,Budget,Standard,58,2,F
1619,18,0,31,0,Auto,FreeLocal,Intnl_discount,50,4,T
1620,16,0,56,0,CC,Budget,Intnl_discount,72,4,F
1622,15,0,24,0,CH,FreeLocal,Standard,39,1,F
1623,8,9,45,0,Auto,FreeLocal,Standard,63,2,F
1626,16,1,125,0,CC,FreeLocal,Intnl_discount,142,1,T
1628,24,0,73,0,CH,FreeLocal,Standard,97,3,T
1630,9,0,11,0,CC,FreeLocal,Standard,21,2,T
1640,29,9,104,0,CC,Budget,Standard,143,3,T
1644,22,0,40,0,Auto,Budget,Standard,62,2,T
1645,16,5,10,0,CC,Budget,Standard,32,4,T
1646,2,0,11,0,CC,Budget,Standard,14,2,F
1647,25,0,179,0,CC,FreeLocal,Standard,206,2,T
1650,27,0,58,0,Auto,Budget,Standard,86,1,T
1656,29,0,52,0,Auto,FreeLocal,Standard,82,2,F
1657,27,0,57,0,CC,Budget,Standard,85,4,T
1663,22,0,34,0,Auto,Budget,Standard,57,4,T
1669,20,1,112,0,Auto,Budget,Intnl_discount,134,1,F
1671,0,0,0,0,Auto,Budget,Intnl_discount,0,3,T
1672,15,1,12,0,CC,Budget,Standard,29,1,F
1674,7,1,12,0,CC,FreeLocal,Standard,13,2,F
1675,22,0,27,0,CH,Budget,Standard,49,4,F
1676,28,0,161,0,CC,FreeLocal,Intnl_discount,190,2,T
1677,8,0,39,0,CC,Budget,Standard,47,2,F
1678,6,0,58,0,CC,Budget,Standard,64,3,F
1690,11,9,115,1,CH,FreeLocal,Intnl_discount,137,1,T
1694,11,0,15,0,CC,Budget,Standard,26,2,F
1696,22,0,28,0,Auto,Budget,Standard,50,3,F
1697,2,0,150,0,Auto,FreeLocal,Standard,152,3,F
1710,0,3,10,0,CC,Budget,Intnl_discount,14,4,T
1714,27,0,23,0,CC,Budget,Standard,51,4,F
1716,11,0,25,0,CC,FreeLocal,Standard,37,3,T
1728,9,0,62,1,CH,FreeLocal,Standard,72,4,T
1730,29,0,332,0,CC,Budget,Standard,361,4,F
1731,11,0,28,0,CC,FreeLocal,Intnl_discount,40,2,T
1734,11,0,95,0,Auto,Budget,Standard,107,2,T
1737,21,0,29,1,CC,FreeLocal,Standard,51,2,T
1739,23,0,168,0,CC,FreeLocal,Standard,191,1,F
1742,0,0,22,0,CC,Budget,Standard,22,2,F
1754,29,0,90,4,Auto,FreeLocal,Intnl_discount,119,3,F
1755,24,6,27,0,Auto,Budget,Standard,58,2,T
1756,25,0,68,0,CC,FreeLocal,Standard,94,4,F
1758,4,7,8,0,CC,Budget,Standard,20,4,T
1760,6,0,15,0,CC,FreeLocal,Standard,21,4,T
1765,2,0,9,0,CC,Budget,Intnl_discount,12,1,F
1767,26,0,103,0,CC,FreeLocal,Standard,129,1,F
1768,5,8,63,0,Auto,FreeLocal,Standard,77,4,F
1772,22,0,41,0,CC,Budget,Intnl_discount,64,1,T
1773,28,0,38,0,CC,FreeLocal,Standard,67,2,F
1774,17,0,8,0,CH,FreeLocal,Intnl_discount,26,2,F
1775,13,0,144,0,CC,Budget,Standard,158,1,T
1778,15,0,8,0,CC,FreeLocal,Intnl_discount,24,4,F
1779,13,0,11,0,Auto,FreeLocal,Standard,25,1,F
1780,25,0,10,0,CC,FreeLocal,Intnl_discount,35,4,F
1785,17,0,39,0,CC,Budget,Intnl_discount,57,1,F
1788,5,8,25,0,CC,Budget,Intnl_discount,39,2,F
1790,0,0,10,0,CC,FreeLocal,Standard,10,3,F
1796,25,0,125,2,CH,FreeLocal,Standard,151,4,F
1797,20,0,37,0,Auto,Budget,Standard,57,1,F
1799,21,0,139,0,Auto,Budget,Standard,160,4,F
1801,19,2,14,1,Auto,Budget,Intnl_discount,35,1,F
1802,2,0,36,1,CC,FreeLocal,Standard,38,4,T
1803,7,0,65,0,CH,Budget,Intnl_discount,73,3,F
1808,21,0,19,0,CC,FreeLocal,Intnl_discount,41,4,F
1815,0,0,2,0,CH,FreeLocal,Intnl_discount,2,3,F
1816,18,5,20,0,CC,Budget,Standard,43,1,T
1817,29,0,116,3,CH,Budget,Standard,145,3,F
1820,10,0,137,0,CC,FreeLocal,Standard,147,2,T
1821,23,0,126,0,Auto,FreeLocal,Standard,150,4,F
1824,2,1,43,0,CH,Budget,Intnl_discount,46,2,F
1827,14,3,45,0,CC,Budget,Standard,63,4,F
1840,22,7,64,0,CC,FreeLocal,Intnl_discount,94,2,T
1841,14,0,8,0,CC,Budget,Standard,22,3,T
1844,16,5,30,0,CC,FreeLocal,Intnl_discount,52,1,T
1846,22,8,75,0,CH,Budget,Intnl_discount,106,4,T
1849,21,0,256,0,CC,Budget,Standard,278,3,F
1851,28,0,113,0,CC,FreeLocal,Standard,141,4,T
1854,14,5,73,0,CH,FreeLocal,Standard,93,1,T
1856,20,2,90,0,Auto,FreeLocal,Standard,112,1,F
1863,7,8,71,0,CH,Budget,Intnl_discount,87,2,F
1865,17,6,51,0,CC,FreeLocal,Standard,74,4,T
1867,0,0,3,0,CC,Budget,Intnl_discount,3,3,T
1868,18,0,104,0,CC,Budget,Standard,123,2,T
1869,0,0,10,0,Auto,Budget,Standard,10,3,F
1870,15,0,25,0,CC,FreeLocal,Standard,40,3,T
1871,29,0,59,0,CC,FreeLocal,Standard,88,1,F
1872,18,0,25,0,Auto,FreeLocal,Standard,44,4,F
1875,23,0,51,0,Auto,FreeLocal,Standard,74,3,F
1882,6,0,46,0,CC,FreeLocal,Standard,53,3,F
1890,7,0,7,0,CC,Budget,Standard,14,1,F
1891,25,7,54,0,CH,Budget,Intnl_discount,87,1,T
1896,12,0,53,0,Auto,FreeLocal,Intnl_discount,66,1,F
1899,0,0,4,0,CC,Budget,Standard,4,2,F
1908,21,3,17,0,CC,FreeLocal,Standard,42,2,T
1910,43,0,8,0,CH,FreeLocal,Standard,34,1,T
1911,0,0,112,0,CC,Budget,Standard,113,4,F
1913,0,0,3,1,CH,Budget,Intnl_discount,3,2,F
1915,24,5,60,0,CC,FreeLocal,Standard,90,1,F
1918,10,0,72,0,CC,Budget,Standard,82,1,F
1919,27,0,51,0,Auto,FreeLocal,Standard,78,1,T
1922,3,0,65,0,Auto,FreeLocal,Standard,93,2,F
1925,17,0,27,0,CH,Budget,Standard,44,2,F
1927,10,0,32,0,Auto,FreeLocal,Standard,43,2,T
1928,21,0,192,0,CC,FreeLocal,Standard,214,4,F
1930,8,9,77,0,CH,Budget,Standard,94,4,F
1934,20,0,19,0,CC,Budget,Standard,41,3,T
1937,15,0,6,0,CC,Budget,Standard,22,1,F
1940,17,0,106,0,Auto,FreeLocal,Standard,123,4,T
1941,8,0,37,0,CH,FreeLocal,Standard,46,1,T
1943,11,0,12,0,CH,FreeLocal,Intnl_discount,23,1,F
1958,0,0,0,0,Auto,Budget,Standard,0,4,F
1960,2,0,24,0,CH,Budget,Intnl_discount,27,2,F
1964,3,8,5,0,CC,Budget,Intnl_discount,16,1,T
1965,20,0,106,0,Auto,FreeLocal,Intnl_discount,127,3,F
1967,45,0,262,0,CC,Budget,Standard,265,1,T
1974,11,0,5,0,CC,Budget,Standard,17,4,T
1975,8,0,99,0,CC,FreeLocal,Standard,108,3,F
1977,45,0,154,0,CC,Budget,Intnl_discount,168,3,T
1979,28,0,35,0,Auto,Budget,Standard,41,1,T
1981,25,2,38,0,CC,FreeLocal,Standard,62,3,T
1986,13,0,96,0,CC,FreeLocal,Standard,110,2,F
1996,6,0,132,0,CC,FreeLocal,Standard,139,3,F
1997,11,0,5,0,CC,FreeLocal,Standard,18,1,T
1998,3,0,25,1,CC,Budget,Intnl_discount,29,1,T
1999,14,6,214,0,CC,Budget,Standard,234,3,T
2000,7,0,100,0,CC,Budget,Intnl_discount,113,2,F
2002,9,0,6,0,CC,FreeLocal,Intnl_discount,33,2,F
2003,7,0,49,0,Auto,FreeLocal,Standard,50,2,F
2004,2,0,43,0,CC,FreeLocal,Standard,56,2,F
2007,12,8,45,0,CC,Budget,Intnl_discount,66,2,F
2008,12,0,18,0,CC,Budget,Standard,31,1,T
2010,5,7,76,0,CH,FreeLocal,Intnl_discount,88,1,T
2011,21,0,85,0,CC,Budget,Intnl_discount,107,4,F
2012,3,0,37,0,CH,Budget,Intnl_discount,40,1,T
2013,20,0,9,0,Auto,Budget,Intnl_discount,29,2,F
2014,3,0,40,0,CC,FreeLocal,Standard,44,4,T
2015,18,0,8,0,CC,Budget,Standard,27,2,F
2017,20,4,117,0,CH,Budget,Intnl_discount,142,4,F
2020,21,0,87,0,CC,Budget,Standard,109,4,T
2027,0,0,15,0,CC,FreeLocal,Standard,15,1,F
2028,28,0,60,0,Auto,FreeLocal,Standard,89,4,F
2029,24,0,5,0,CH,Budget,Standard,29,4,F
2031,29,0,40,0,CC,Budget,Intnl_discount,70,2,F
2032,0,0,4,2,CC,Budget,Standard,4,2,F
2033,29,0,9,0,CC,Budget,Intnl_discount,38,2,F
2034,13,0,40,0,CC,Budget,Standard,53,1,F
2036,16,0,126,0,CC,FreeLocal,Standard,142,2,F
2040,16,0,114,0,CH,Budget,Standard,130,2,T
2042,21,0,87,0,CC,Budget,Standard,108,4,F
2044,0,0,11,0,CH,FreeLocal,Intnl_discount,12,1,T
2045,18,0,136,0,CC,FreeLocal,Standard,154,1,T
2046,8,0,13,0,CH,Budget,Standard,21,2,F
2060,20,0,13,0,CC,Budget,Standard,34,1,F
2062,9,0,6,0,CC,Budget,Intnl_discount,15,4,F
2063,17,4,49,1,Auto,FreeLocal,Standard,72,3,F
2071,14,0,25,0,CC,Budget,Standard,40,3,T
2073,20,0,39,0,CH,Budget,Intnl_discount,59,2,F
2078,29,9,104,0,CC,Budget,Standard,143,4,T
2082,22,0,40,0,Auto,Budget,Standard,62,3,T
2084,3,0,11,0,CC,Budget,Standard,14,2,F
2085,25,0,179,0,CC,FreeLocal,Standard,206,3,T
2087,27,0,58,0,Auto,Budget,Standard,86,3,T
2090,22,0,20,0,CC,Budget,Intnl_discount,43,1,F
2093,29,0,52,0,Auto,FreeLocal,Standard,82,1,F
2094,27,0,57,0,CC,Budget,Standard,85,3,T
2101,0,1,12,0,CC,FreeLocal,Standard,13,2,F
2109,26,0,13,0,CC,FreeLocal,Standard,40,3,F
2114,22,0,28,0,Auto,Budget,Standard,50,2,F
2117,13,1,36,0,CH,FreeLocal,Standard,51,2,T
2131,10,0,57,0,CC,FreeLocal,Standard,67,4,F
2134,11,0,95,0,Auto,Budget,Standard,107,1,T
2135,0,0,22,0,CC,Budget,Standard,22,2,F
2141,15,0,70,0,CC,Budget,Intnl_discount,85,1,F
2144,5,8,63,0,Auto,FreeLocal,Standard,77,1,F
2145,6,0,30,0,Auto,FreeLocal,Intnl_discount,37,1,F
2146,17,0,8,0,CH,FreeLocal,Intnl_discount,26,4,F
2148,10,0,93,0,CC,Budget,Standard,104,1,F
2149,22,0,151,0,Auto,FreeLocal,Intnl_discount,174,1,F
2150,15,0,8,0,CC,FreeLocal,Intnl_discount,24,1,F
2155,17,0,39,0,CC,Budget,Intnl_discount,57,1,F
2158,22,0,103,1,CC,FreeLocal,Standard,126,4,T
2159,4,7,258,0,CC,Budget,Intnl_discount,270,4,F
2162,20,8,80,0,CH,Budget,Intnl_discount,109,2,T
2165,12,0,7,0,Auto,Budget,Intnl_discount,20,2,T
2167,8,0,22,0,CC,FreeLocal,Standard,31,2,F
2168,21,0,256,0,CC,Budget,Standard,278,2,F
2169,28,0,113,0,CC,FreeLocal,Standard,141,4,T
2173,1,0,29,0,CC,Budget,Standard,31,4,F
2174,18,0,104,0,CC,Budget,Standard,123,2,T
2175,18,0,25,0,Auto,FreeLocal,Standard,44,1,F
2181,1,0,116,0,Auto,Budget,Standard,117,2,F
2182,33,0,8,0,CH,FreeLocal,Standard,34,3,T
2183,0,0,112,0,CC,Budget,Standard,113,1,F
2184,0,0,65,0,Auto,FreeLocal,Standard,93,2,F
2185,19,0,118,0,Auto,FreeLocal,Standard,137,4,F
2186,17,0,27,0,CH,Budget,Standard,44,3,F
2188,10,0,32,0,Auto,FreeLocal,Standard,43,1,T
2189,21,0,192,0,CC,FreeLocal,Standard,214,4,F
2191,8,9,77,0,CH,Budget,Standard,94,4,F
2195,20,0,19,0,CC,Budget,Standard,41,4,T
2198,15,0,6,0,CC,Budget,Standard,22,4,F
2201,17,0,106,0,Auto,FreeLocal,Standard,123,3,T
2202,8,0,37,0,CH,FreeLocal,Standard,46,1,T
2205,2,0,50,0,Auto,Budget,Standard,52,1,F
2211,9,9,8,0,CC,FreeLocal,Intnl_discount,27,4,F
2216,0,0,0,0,Auto,Budget,Standard,0,4,F
2217,35,0,160,0,CC,FreeLocal,Standard,176,1,T
2218,2,0,24,0,CH,Budget,Intnl_discount,27,4,F
2221,1,0,83,0,CC,FreeLocal,Intnl_discount,84,4,F
2222,3,8,5,0,CC,Budget,Intnl_discount,16,3,T
2223,20,0,106,0,Auto,FreeLocal,Intnl_discount,127,4,F
2225,39,0,262,0,CC,Budget,Standard,265,3,T
2230,22,0,82,0,CC,Budget,Intnl_discount,104,4,F
2232,11,0,5,0,CC,Budget,Standard,17,1,T
2233,8,0,99,0,CC,FreeLocal,Standard,108,1,F
2234,59,0,26,0,Auto,FreeLocal,Intnl_discount,48,1,T
2236,42,0,61,0,CC,Budget,Standard,65,3,T
2239,29,2,38,0,CC,FreeLocal,Standard,62,3,T
2243,13,0,96,0,CC,FreeLocal,Standard,110,3,F
2252,4,0,100,0,CC,Budget,Intnl_discount,113,2,F
2254,7,0,6,0,CC,FreeLocal,Intnl_discount,33,2,F
2257,5,7,76,0,CH,FreeLocal,Intnl_discount,88,1,T
2258,21,0,85,0,CC,Budget,Intnl_discount,107,1,T
2259,3,0,37,0,CH,Budget,Intnl_discount,40,1,T
2260,20,0,9,0,Auto,Budget,Intnl_discount,29,4,F
2261,3,0,40,0,CC,FreeLocal,Standard,44,2,T
2267,21,0,87,0,CC,Budget,Standard,109,2,T
2270,13,0,8,0,CH,FreeLocal,Standard,22,1,F
2274,28,0,60,0,Auto,FreeLocal,Standard,89,2,F
2275,24,0,5,0,CH,Budget,Standard,29,4,F
2279,29,0,9,0,CC,Budget,Intnl_discount,38,3,F
2280,13,0,40,0,CC,Budget,Standard,53,2,F
2281,23,0,10,0,Auto,Budget,Intnl_discount,34,3,F
2282,16,0,126,0,CC,FreeLocal,Standard,142,4,F
2285,16,0,114,0,CH,Budget,Standard,130,3,T
2286,7,0,6,0,CC,Budget,Standard,13,2,F
2287,21,0,87,0,CC,Budget,Standard,108,3,F
2289,0,0,11,0,CH,FreeLocal,Intnl_discount,12,4,T
2290,18,0,136,0,CC,FreeLocal,Standard,154,3,T
2291,8,0,13,0,CH,Budget,Standard,21,2,F
2294,23,0,206,0,CC,Budget,Intnl_discount,229,1,T
2301,26,0,32,0,CC,Budget,Intnl_discount,58,4,F
2304,20,0,13,0,CC,Budget,Standard,34,4,F
2305,9,0,38,0,CC,Budget,Standard,48,3,F
2315,14,0,25,0,CC,Budget,Standard,40,1,T
2317,20,0,39,0,CH,Budget,Intnl_discount,59,2,F
2322,29,9,104,0,CC,Budget,Standard,143,3,T
2327,16,5,10,0,CC,Budget,Standard,32,4,T
2328,3,0,11,0,CC,Budget,Standard,14,3,T
2331,27,0,58,0,Auto,Budget,Standard,86,1,T
2342,22,0,34,0,Auto,Budget,Standard,57,3,T
2347,29,9,104,0,CC,Budget,Standard,143,1,T
2352,16,5,10,0,CC,Budget,Standard,32,1,T
2354,25,0,179,0,CC,FreeLocal,Standard,206,3,T
2359,22,0,20,0,CC,Budget,Intnl_discount,43,2,F
2362,29,0,52,0,Auto,FreeLocal,Standard,82,4,F
2363,27,0,57,0,CC,Budget,Standard,85,4,T
2367,22,0,34,0,Auto,Budget,Standard,57,4,T
2371,22,0,27,0,CH,Budget,Standard,49,4,F
2372,8,0,39,0,CC,Budget,Standard,47,2,F
2373,6,0,58,0,CC,Budget,Standard,64,1,F
2377,7,0,196,0,CC,Budget,Standard,203,2,F
2388,29,0,8,0,CH,Budget,Intnl_discount,38,1,T
2391,27,0,23,0,CC,Budget,Standard,51,3,F
2392,11,0,25,0,CC,FreeLocal,Standard,37,1,T
2400,10,0,57,0,CC,FreeLocal,Standard,67,1,F
2403,11,0,95,0,Auto,Budget,Standard,107,2,T
2404,0,0,22,0,CC,Budget,Standard,22,3,F
2413,5,8,63,0,Auto,FreeLocal,Standard,77,1,F
2415,17,0,8,0,CH,FreeLocal,Intnl_discount,26,3,F
2417,10,0,93,0,CC,Budget,Standard,104,3,F
2419,15,0,8,0,CC,FreeLocal,Intnl_discount,24,4,F
2420,13,0,11,0,Auto,FreeLocal,Standard,25,2,F
2422,25,0,252,1,Auto,Budget,Standard,277,3,F
2423,3,3,26,1,CH,FreeLocal,Standard,34,1,T
2424,17,0,39,0,CC,Budget,Intnl_discount,57,2,F
2427,22,0,103,1,CC,FreeLocal,Standard,126,1,T
2431,20,8,80,0,CH,Budget,Intnl_discount,109,1,T
2434,12,0,7,0,Auto,Budget,Intnl_discount,20,2,T
2436,8,0,22,0,CC,FreeLocal,Standard,31,3,F
2437,21,0,256,0,CC,Budget,Standard,278,4,F
2438,28,0,113,0,CC,FreeLocal,Standard,141,2,T
2443,18,0,104,0,CC,Budget,Standard,123,3,T
2451,45,0,8,0,CH,FreeLocal,Standard,34,1,T
2454,19,0,118,0,Auto,FreeLocal,Standard,137,1,F
2455,17,0,27,0,CH,Budget,Standard,44,3,F
2457,10,0,32,0,Auto,FreeLocal,Standard,43,3,T
2458,21,0,192,0,CC,FreeLocal,Standard,214,2,F
2460,8,9,77,0,CH,Budget,Standard,94,2,F
2467,15,0,6,0,CC,Budget,Standard,22,3,F
2470,17,0,106,0,Auto,FreeLocal,Standard,123,3,T
2471,8,0,37,0,CH,FreeLocal,Standard,46,4,F
2473,11,0,12,0,CH,FreeLocal,Intnl_discount,23,1,F
2474,2,0,50,0,Auto,Budget,Standard,52,4,F
2480,9,9,8,0,CC,FreeLocal,Intnl_discount,27,3,F
2485,0,0,0,0,Auto,Budget,Standard,0,2,F
2487,2,0,24,0,CH,Budget,Intnl_discount,27,2,F
2490,1,0,83,0,CC,FreeLocal,Intnl_discount,84,2,F
2491,3,8,5,0,CC,Budget,Intnl_discount,16,3,T
2494,28,0,262,0,CC,Budget,Standard,265,1,T
2499,22,0,82,0,CC,Budget,Intnl_discount,104,3,F
2502,8,0,99,0,CC,FreeLocal,Standard,108,2,F
2503,25,0,26,0,Auto,FreeLocal,Intnl_discount,48,3,T
2504,39,0,154,0,CC,Budget,Intnl_discount,168,3,T
2507,14,0,9,0,Auto,Budget,Intnl_discount,23,3,F
2508,42,2,38,0,CC,FreeLocal,Standard,62,3,T
2509,28,0,106,0,CC,Budget,Standard,134,1,T
2512,13,0,96,0,CC,FreeLocal,Standard,110,3,F
2516,21,0,6,0,CC,Budget,Standard,27,4,F
2517,29,0,13,0,CC,FreeLocal,Standard,42,1,F
2527,21,0,85,0,CC,Budget,Intnl_discount,107,4,F
2529,20,0,9,0,Auto,Budget,Intnl_discount,29,1,T
2530,3,0,40,0,CC,FreeLocal,Standard,44,3,T
2536,21,0,87,0,CC,Budget,Standard,109,4,T
2542,0,0,15,0,CC,FreeLocal,Standard,15,4,F
2543,28,0,60,0,Auto,FreeLocal,Standard,89,4,F
2544,24,0,5,0,CH,Budget,Standard,29,3,F
2548,29,0,9,0,CC,Budget,Intnl_discount,38,1,F
2549,13,0,40,0,CC,Budget,Standard,53,4,F
2550,23,0,10,0,Auto,Budget,Intnl_discount,34,2,F
2551,16,0,126,0,CC,FreeLocal,Standard,142,2,F
2556,21,0,87,0,CC,Budget,Standard,108,2,F
2558,0,0,11,0,CC,FreeLocal,Intnl_discount,12,4,T
2559,18,0,136,0,CH,FreeLocal,Standard,154,4,T
2560,8,0,13,0,CH,Budget,Standard,21,3,F
2563,23,0,206,0,CC,Budget,Intnl_discount,229,2,T
2565,2,7,11,1,CC,FreeLocal,Standard,21,2,F
2569,12,0,46,4,CC,FreeLocal,Standard,58,3,F
2570,26,0,32,0,CC,Budget,Intnl_discount,58,1,F
2573,20,0,13,0,CC,Budget,Standard,34,2,F
2575,9,0,6,0,CC,Budget,Intnl_discount,15,2,F
2576,17,4,49,1,Auto,FreeLocal,Standard,72,2,F
2584,14,0,25,0,CC,Budget,Standard,40,3,T
2586,20,0,39,0,CH,Budget,Intnl_discount,59,1,F
2595,22,0,40,0,Auto,Budget,Standard,62,3,T
2598,25,0,179,0,CC,FreeLocal,Standard,206,1,T
2599,29,0,40,0,CC,FreeLocal,Intnl_discount,69,2,F
2600,27,0,58,0,Auto,Budget,Standard,86,4,T
2601,26,0,9,0,CC,FreeLocal,Standard,36,1,F
2604,17,0,31,0,CH,Budget,Intnl_discount,48,3,F
2605,17,0,137,2,CC,FreeLocal,Standard,154,1,F
2606,29,0,52,0,Auto,FreeLocal,Standard,82,4,F
2608,28,0,84,0,CC,FreeLocal,Standard,112,2,F
2609,17,0,41,2,Auto,Budget,Standard,58,2,F
2610,3,0,44,0,CC,FreeLocal,Standard,47,2,F
2611,22,0,34,0,Auto,Budget,Standard,57,4,T
2613,11,0,74,0,Auto,FreeLocal,Intnl_discount,86,2,F
2617,6,0,58,0,CC,Budget,Standard,64,3,F
2618,17,6,51,0,CC,FreeLocal,Standard,74,3,F
2621,7,0,196,0,CC,Budget,Standard,203,2,F
2622,26,0,13,0,CC,FreeLocal,Standard,40,4,F
2627,22,0,28,0,Auto,Budget,Standard,50,1,F
2630,13,1,36,0,CH,FreeLocal,Standard,51,3,T
2632,29,0,8,0,CH,Budget,Intnl_discount,38,1,T
2635,27,0,23,0,CC,Budget,Standard,51,3,F
2645,29,0,10,0,CC,FreeLocal,Standard,40,3,T
2647,11,0,95,0,Auto,Budget,Standard,107,1,T
2648,0,0,22,0,CC,Budget,Standard,22,2,F
2653,29,0,90,4,Auto,FreeLocal,Intnl_discount,119,2,F
2654,15,0,70,0,CC,Budget,Intnl_discount,85,1,F
2657,5,8,63,0,Auto,FreeLocal,Standard,77,2,F
2659,17,0,8,0,CH,FreeLocal,Intnl_discount,26,3,F
2660,13,0,144,0,CC,Budget,Standard,158,3,T
2661,10,0,93,0,CC,Budget,Standard,104,2,F
2662,22,0,151,0,Auto,FreeLocal,Intnl_discount,174,3,F
2663,15,0,8,0,CC,FreeLocal,Intnl_discount,24,4,F
2666,25,0,252,1,Auto,Budget,Standard,277,3,F
2675,20,8,80,0,CH,Budget,Intnl_discount,109,3,T
2678,12,0,7,0,Auto,Budget,Intnl_discount,20,1,T
2680,8,0,22,0,CC,FreeLocal,Standard,31,2,F
2681,21,0,256,0,CC,Budget,Standard,278,4,F
2685,7,8,71,0,CH,Budget,Intnl_discount,87,2,F
2687,18,0,104,0,CC,Budget,Standard,123,2,T
2695,45,0,8,0,CH,FreeLocal,Standard,34,4,T
2698,19,0,118,0,Auto,FreeLocal,Standard,137,1,F
2699,17,0,27,0,CH,Budget,Standard,44,1,F
2702,21,0,192,0,CC,FreeLocal,Standard,214,3,F
2704,8,9,77,0,CH,Budget,Standard,94,2,F
2708,20,0,19,0,CC,Budget,Standard,41,1,T
2711,15,0,6,0,CC,Budget,Standard,22,1,F
2714,17,0,106,0,Auto,FreeLocal,Standard,123,4,T
2717,11,0,12,0,CH,FreeLocal,Intnl_discount,23,3,F
2718,2,0,50,0,Auto,Budget,Standard,52,2,F
2730,29,0,160,0,CC,FreeLocal,Standard,176,1,T
2736,20,0,106,0,Auto,FreeLocal,Intnl_discount,127,3,F
2738,45,0,262,0,CC,Budget,Standard,265,1,T
2745,11,0,5,0,CC,Budget,Standard,17,3,T
2747,33,0,26,0,Auto,FreeLocal,Intnl_discount,48,4,T
2748,28,0,154,0,CC,Budget,Intnl_discount,168,4,T
2749,25,0,61,0,CC,Budget,Standard,65,3,T
2750,38,0,35,0,Auto,Budget,Standard,41,4,T
2751,14,0,9,0,Auto,Budget,Intnl_discount,23,3,F
2752,39,2,38,0,CC,FreeLocal,Standard,62,3,T
2753,28,0,106,0,CC,Budget,Standard,134,4,T
2760,21,0,6,0,CC,Budget,Standard,27,4,F
2764,3,0,25,1,CC,Budget,Intnl_discount,29,3,T
2770,5,7,76,0,CH,FreeLocal,Intnl_discount,88,2,F
2771,21,0,85,0,CC,Budget,Intnl_discount,107,1,T
2772,3,0,37,0,CH,Budget,Intnl_discount,40,1,T
2773,20,0,9,0,Auto,Budget,Intnl_discount,29,3,F
2775,18,0,8,0,CC,Budget,Standard,27,1,F
2786,0,0,15,0,CC,FreeLocal,Standard,15,4,F
2787,28,0,60,0,Auto,FreeLocal,Standard,89,3,F
2788,24,0,5,0,CH,Budget,Standard,29,4,F
2792,29,0,9,0,CC,Budget,Intnl_discount,38,4,F
2793,13,0,40,0,CC,Budget,Standard,53,3,F
2798,16,0,114,0,CH,Budget,Standard,130,3,T
2800,21,0,87,0,CC,Budget,Standard,108,1,F
2802,0,0,11,0,CC,FreeLocal,Intnl_discount,12,3,T
2803,18,0,136,0,CC,FreeLocal,Standard,154,2,T
2813,12,0,46,4,CC,FreeLocal,Standard,58,1,F
2814,26,0,32,0,CC,Budget,Intnl_discount,58,4,F
2817,20,0,13,0,CC,Budget,Standard,34,2,F
2818,9,0,38,0,CC,Budget,Standard,48,4,F
2825,11,1,22,0,CC,FreeLocal,Standard,36,2,T
2829,2,7,11,1,CC,FreeLocal,Standard,21,2,F
2833,12,0,46,4,CC,FreeLocal,Standard,58,2,F
2834,26,0,32,0,CC,Budget,Intnl_discount,58,2,F
2837,20,0,13,0,CC,Budget,Standard,34,1,F
2838,9,0,38,0,CC,Budget,Standard,48,3,F
2840,17,4,49,1,Auto,FreeLocal,Standard,72,4,F
2845,11,1,22,0,CC,FreeLocal,Standard,36,2,T
2848,14,0,25,0,CC,Budget,Standard,40,1,T
2850,20,0,39,0,CH,Budget,Intnl_discount,59,3,F
2852,24,0,35,0,CC,FreeLocal,Standard,60,4,T
2854,2,6,85,0,CC,FreeLocal,Standard,93,2,T
2855,29,9,104,0,CC,Budget,Standard,143,2,T
2856,5,0,50,0,CC,FreeLocal,Intnl_discount,55,4,T
2858,10,9,9,0,CC,FreeLocal,Standard,29,4,T
2859,22,0,40,0,Auto,Budget,Standard,62,3,T
2860,16,5,10,0,CC,Budget,Standard,32,1,T
2861,3,0,11,0,CC,Budget,Standard,14,4,T
2862,25,0,179,0,CC,FreeLocal,Standard,206,3,T
2863,29,0,40,0,CC,FreeLocal,Intnl_discount,69,4,T
2864,27,0,58,0,Auto,Budget,Standard,86,3,T
2865,26,0,9,0,CC,FreeLocal,Standard,36,4,T
2866,28,0,8,0,CC,FreeLocal,Intnl_discount,36,4,T
2867,22,0,20,0,CC,Budget,Intnl_discount,43,4,F
2868,17,0,31,0,CH,Budget,Intnl_discount,48,4,T
2874,3,0,44,0,CC,FreeLocal,Standard,47,4,F
2875,22,0,34,0,Auto,Budget,Standard,57,1,T
2879,22,0,27,0,CH,Budget,Standard,49,1,F
2881,6,0,58,0,CC,Budget,Standard,64,1,F
2894,13,1,36,0,CH,FreeLocal,Standard,51,1,T
2896,29,0,8,0,CH,Budget,Intnl_discount,38,1,T
2899,27,0,23,0,CC,Budget,Standard,51,4,F
2900,11,0,25,0,CC,FreeLocal,Standard,37,1,T
2908,10,0,57,0,CC,FreeLocal,Standard,67,3,F
2911,11,0,95,0,Auto,Budget,Standard,107,3,T
2912,0,0,22,0,CC,Budget,Standard,22,1,F
2917,29,0,90,4,Auto,FreeLocal,Intnl_discount,119,2,F
2918,15,0,70,0,CC,Budget,Intnl_discount,85,3,F
2922,6,0,30,0,Auto,FreeLocal,Intnl_discount,37,1,F
2924,13,0,144,0,CC,Budget,Standard,158,4,F
2925,10,0,93,0,CC,Budget,Standard,104,4,F
2928,13,0,11,0,Auto,FreeLocal,Standard,25,4,F
2930,25,0,252,1,Auto,Budget,Standard,277,2,F
2931,3,3,26,1,CH,FreeLocal,Standard,34,2,F
2932,17,0,39,0,CC,Budget,Intnl_discount,57,3,F
2935,22,0,103,1,CC,FreeLocal,Standard,126,4,T
2939,20,8,80,0,CH,Budget,Intnl_discount,109,4,T
2942,12,0,7,0,Auto,Budget,Intnl_discount,20,4,T
2944,8,0,22,0,CC,FreeLocal,Standard,31,1,F
2945,21,0,256,0,CC,Budget,Standard,278,3,F
2946,28,0,113,0,CC,FreeLocal,Standard,141,4,T
2951,18,0,104,0,CC,Budget,Standard,123,4,T
2952,18,0,25,0,Auto,FreeLocal,Standard,44,4,F
2960,0,0,112,0,CC,Budget,Standard,113,3,F
2962,19,0,118,0,Auto,FreeLocal,Standard,137,3,F
2963,17,0,27,0,CH,Budget,Standard,44,4,F
2965,10,0,32,0,Auto,FreeLocal,Standard,43,4,T
2968,8,9,77,0,CH,Budget,Standard,94,4,F
2972,20,0,19,0,CC,Budget,Standard,41,2,T
2975,15,0,6,0,CC,Budget,Standard,22,2,F
2978,17,0,106,0,Auto,FreeLocal,Standard,123,3,T
2979,8,0,37,0,CH,FreeLocal,Standard,46,2,F
2981,11,0,12,0,CH,FreeLocal,Intnl_discount,23,1,F
2982,2,0,50,0,Auto,Budget,Standard,52,3,F
2988,9,9,8,0,CC,FreeLocal,Intnl_discount,27,1,F
2993,0,0,0,0,Auto,Budget,Standard,0,3,F
2994,43,0,160,0,CC,FreeLocal,Standard,176,1,T
2995,2,0,24,0,CH,Budget,Intnl_discount,27,4,F
2998,1,0,83,0,CC,FreeLocal,Intnl_discount,84,4,F
3000,20,0,106,0,Auto,FreeLocal,Intnl_discount,127,1,F
3002,42,0,262,0,CC,Budget,Standard,265,4,T
3007,22,0,82,0,CC,Budget,Intnl_discount,104,2,F
3009,11,0,5,0,CC,Budget,Standard,17,3,T
3010,8,0,99,0,CC,FreeLocal,Standard,108,2,F
3011,45,0,26,0,Auto,FreeLocal,Intnl_discount,48,3,T
3012,29,0,154,0,CC,Budget,Intnl_discount,168,1,T
3014,33,0,35,0,Auto,Budget,Standard,41,2,T
3017,28,0,106,0,CC,Budget,Standard,134,1,T
3024,21,0,6,0,CC,Budget,Standard,27,1,F
3025,29,0,13,0,CC,FreeLocal,Standard,42,4,F
3034,5,7,76,0,CH,FreeLocal,Intnl_discount,88,2,F
3035,21,0,85,0,CC,Budget,Intnl_discount,107,4,F
3037,20,0,9,0,Auto,Budget,Intnl_discount,29,4,F
3038,3,0,40,0,CC,FreeLocal,Standard,44,2,T
3039,18,0,8,0,CC,Budget,Standard,27,2,F
3041,20,4,117,0,CH,Budget,Intnl_discount,142,3,F
3044,21,0,87,0,CC,Budget,Standard,109,4,T
3047,13,0,8,0,CH,FreeLocal,Standard,22,1,F
3051,28,0,60,0,Auto,FreeLocal,Standard,89,3,F
3054,29,0,40,0,CC,Budget,Intnl_discount,70,3,F
3056,29,0,9,0,CC,Budget,Intnl_discount,38,3,F
3057,13,0,40,0,CC,Budget,Standard,53,3,F
3058,23,0,10,0,Auto,Budget,Intnl_discount,34,1,F
3059,16,0,126,0,CC,FreeLocal,Standard,142,1,F
3062,16,0,114,0,CH,Budget,Standard,130,3,T
3066,0,0,11,0,Auto,FreeLocal,Intnl_discount,12,2,F
3067,18,0,136,0,CC,FreeLocal,Standard,154,2,T
3068,8,0,13,0,CH,Budget,Standard,21,1,F
3077,12,0,46,4,CC,FreeLocal,Standard,58,1,F
3078,26,0,32,0,CC,Budget,Intnl_discount,58,4,F
3082,9,0,38,0,CC,Budget,Standard,48,1,F
3083,9,0,6,0,CC,Budget,Intnl_discount,15,2,F
3089,11,1,22,0,CC,FreeLocal,Standard,36,2,T
3092,14,0,25,0,CC,Budget,Standard,40,1,T
3094,20,0,39,0,CH,Budget,Intnl_discount,59,3,F
3103,22,0,40,0,Auto,Budget,Standard,62,4,T
3105,3,0,11,0,CC,Budget,Standard,14,4,T
3106,25,0,179,0,CC,FreeLocal,Standard,206,4,T
3108,27,0,58,0,Auto,Budget,Standard,86,2,T
3114,29,0,52,0,Auto,FreeLocal,Standard,82,1,F
3115,27,0,57,0,CC,Budget,Standard,85,1,T
3118,3,0,44,0,CC,FreeLocal,Standard,47,2,F
3123,22,0,27,0,CH,Budget,Standard,49,4,F
3125,6,0,58,0,CC,Budget,Standard,64,4,F
3130,26,0,13,0,CC,FreeLocal,Standard,40,4,F
3143,27,0,23,0,CC,Budget,Standard,51,3,F
3144,11,0,25,0,CC,FreeLocal,Standard,37,4,T
3152,10,0,57,0,CC,FreeLocal,Standard,67,1,F
3156,0,0,22,0,CC,Budget,Standard,22,3,F
3158,5,0,17,0,CH,Budget,Standard,22,2,F
3162,15,0,70,0,CC,Budget,Intnl_discount,85,2,F
3165,5,8,63,0,Auto,FreeLocal,Standard,77,1,F
3166,6,0,30,0,Auto,FreeLocal,Intnl_discount,37,1,F
3167,17,0,8,0,CH,FreeLocal,Intnl_discount,26,1,F
3168,13,0,144,0,CC,Budget,Standard,158,3,F
3170,22,0,151,0,Auto,FreeLocal,Intnl_discount,174,1,F
3171,15,0,8,0,CC,FreeLocal,Intnl_discount,24,1,F
3174,25,0,252,1,Auto,Budget,Standard,277,1,F
3175,3,3,26,1,CC,FreeLocal,Standard,34,4,T
3176,17,0,39,0,CC,Budget,Intnl_discount,57,4,F
3177,5,8,25,0,CC,Budget,Intnl_discount,39,2,F
3179,22,0,103,1,CC,FreeLocal,Standard,126,1,T
3183,20,8,80,0,CH,Budget,Intnl_discount,109,3,T
3186,12,0,7,0,Auto,Budget,Intnl_discount,20,3,T
3188,8,0,22,0,CC,FreeLocal,Standard,31,4,F
3189,21,0,256,0,CC,Budget,Standard,278,1,F
3194,1,0,29,0,CC,Budget,Standard,31,4,F
3195,18,0,104,0,CC,Budget,Standard,123,3,T
3196,18,0,25,0,Auto,FreeLocal,Standard,44,3,F
3207,17,0,27,0,CH,Budget,Standard,44,1,F
3209,10,0,32,0,Auto,FreeLocal,Standard,43,4,T
3210,21,0,192,0,CC,FreeLocal,Standard,214,2,F
3216,20,0,19,0,CC,Budget,Standard,41,2,T
3219,15,0,6,0,CC,Budget,Standard,22,2,F
3223,8,0,37,0,CH,FreeLocal,Standard,46,1,T
3225,11,0,12,0,CH,FreeLocal,Intnl_discount,23,3,F
3226,2,0,50,0,Auto,Budget,Standard,52,1,F
3237,0,0,0,0,Auto,Budget,Standard,0,1,F
3239,2,0,24,0,CH,Budget,Intnl_discount,27,3,F
3242,1,0,83,0,CC,FreeLocal,Intnl_discount,84,1,F
3243,3,8,5,0,CC,Budget,Intnl_discount,16,4,T
3244,20,0,106,0,Auto,FreeLocal,Intnl_discount,127,4,F
3253,11,0,5,0,CC,Budget,Standard,17,1,T
3261,28,0,106,0,CC,Budget,Standard,134,3,T
3269,29,0,13,0,CC,FreeLocal,Standard,42,4,F
3272,3,0,25,1,CC,Budget,Intnl_discount,29,2,T
3280,3,0,37,0,CH,Budget,Intnl_discount,40,1,T
3281,20,0,9,0,Auto,Budget,Intnl_discount,29,1,T
3288,21,0,87,0,CC,Budget,Standard,109,2,T
3294,0,0,15,0,CC,FreeLocal,Standard,15,1,F
3295,28,0,60,0,Auto,FreeLocal,Standard,89,1,F
3296,24,0,5,0,CH,Budget,Standard,29,3,F
3298,29,0,40,0,CC,Budget,Intnl_discount,70,3,F
3300,29,0,9,0,CC,Budget,Intnl_discount,38,2,F
3301,13,0,40,0,CC,Budget,Standard,53,2,F
3302,23,0,10,0,Auto,Budget,Intnl_discount,34,1,F
3306,16,0,114,0,CH,Budget,Standard,130,4,T
3308,21,0,87,0,CC,Budget,Standard,108,4,T
3311,18,0,136,0,CC,FreeLocal,Standard,154,4,T
3312,8,0,13,0,CH,Budget,Standard,21,2,F
3315,23,0,206,0,CC,Budget,Intnl_discount,229,3,T
3322,26,0,32,0,CC,Budget,Intnl_discount,58,4,F
3325,20,0,13,0,CC,Budget,Standard,34,4,F
3327,9,0,6,0,CC,Budget,Intnl_discount,15,2,F
3333,11,1,22,0,CC,FreeLocal,Standard,36,4,T
3336,14,0,25,0,CC,Budget,Standard,40,2,T
3343,29,9,104,0,CC,Budget,Standard,143,3,T
3352,27,0,58,0,Auto,Budget,Standard,86,4,T
3355,22,0,20,0,CC,Budget,Intnl_discount,43,2,F
3358,29,0,52,0,Auto,FreeLocal,Standard,82,3,F
3367,22,0,27,0,CH,Budget,Standard,49,4,F
3382,13,1,36,0,CH,FreeLocal,Standard,51,4,T
3384,29,0,8,0,CH,Budget,Intnl_discount,38,1,T
3387,27,0,23,0,CC,Budget,Standard,51,2,F
3396,10,0,57,0,CC,FreeLocal,Standard,67,4,F
3399,11,0,95,0,Auto,Budget,Standard,107,2,T
3400,0,0,22,0,CC,Budget,Standard,22,4,F
3402,5,0,17,0,CH,Budget,Standard,22,2,F
3405,29,0,90,4,Auto,FreeLocal,Intnl_discount,119,3,F
3409,5,8,63,0,Auto,FreeLocal,Standard,77,4,F
3410,6,0,30,0,Auto,FreeLocal,Intnl_discount,37,3,F
3411,17,0,8,0,CH,FreeLocal,Intnl_discount,26,3,T
3412,13,0,144,0,CC,Budget,Standard,158,2,F
3413,10,0,93,0,CC,Budget,Standard,104,1,T
3414,22,0,151,0,Auto,FreeLocal,Intnl_discount,174,4,F
3416,13,0,11,0,Auto,FreeLocal,Standard,25,1,F
3418,25,0,252,1,Auto,Budget,Standard,277,1,F
3419,3,3,26,1,CC,FreeLocal,Standard,34,1,T
3423,22,0,103,1,CC,FreeLocal,Standard,126,4,T
3424,4,7,258,0,CC,Budget,Intnl_discount,270,4,F
3427,20,8,80,0,CH,Budget,Intnl_discount,109,1,T
3430,12,0,7,0,Auto,Budget,Intnl_discount,20,4,T
3432,8,0,22,0,CC,FreeLocal,Standard,31,3,F
3438,1,0,29,0,CC,Budget,Standard,31,4,F
3439,18,0,104,0,CC,Budget,Standard,123,2,T
3440,18,0,25,0,Auto,FreeLocal,Standard,44,3,F
3451,17,0,27,0,CH,Budget,Standard,44,1,F
3456,8,9,77,0,CH,Budget,Standard,94,4,F
3460,20,0,19,0,CC,Budget,Standard,41,2,T
3466,17,0,106,0,Auto,FreeLocal,Standard,123,4,T
3470,2,0,50,0,Auto,Budget,Standard,52,2,F
3476,9,9,8,0,CC,FreeLocal,Intnl_discount,27,2,F
3481,0,0,0,0,Auto,Budget,Standard,0,4,F
3486,1,0,83,0,CC,FreeLocal,Intnl_discount,84,2,F
3487,3,8,5,0,CC,Budget,Intnl_discount,16,1,T
3488,20,0,106,0,Auto,FreeLocal,Intnl_discount,127,1,F
3495,22,0,82,0,CC,Budget,Intnl_discount,104,2,F
3503,14,0,9,0,Auto,Budget,Intnl_discount,23,2,F
3505,28,0,106,0,CC,Budget,Standard,134,1,T
3508,13,0,96,0,CC,FreeLocal,Standard,110,3,F
3512,21,0,6,0,CC,Budget,Standard,27,1,F
3513,29,0,13,0,CC,FreeLocal,Standard,42,3,F
3522,5,7,76,0,CH,FreeLocal,Intnl_discount,88,2,F
3523,21,0,85,0,CC,Budget,Intnl_discount,107,1,T
3524,3,0,37,0,CH,Budget,Intnl_discount,40,1,T
3525,20,0,9,0,Auto,Budget,Intnl_discount,29,1,T
3526,3,0,40,0,CC,FreeLocal,Standard,44,4,T
3527,18,0,8,0,CC,Budget,Standard,27,3,F
3529,20,4,117,0,CH,Budget,Intnl_discount,142,1,F
3532,21,0,87,0,CC,Budget,Standard,109,3,T
3535,13,0,8,0,CH,FreeLocal,Standard,22,1,F
3538,0,0,15,0,CC,FreeLocal,Standard,15,4,F
3539,28,0,60,0,Auto,FreeLocal,Standard,89,3,F
3540,24,0,5,0,CH,Budget,Standard,29,3,F
3544,29,0,9,0,CC,Budget,Intnl_discount,38,2,F
3545,13,0,40,0,CC,Budget,Standard,53,4,F
3546,23,0,10,0,Auto,Budget,Intnl_discount,34,1,F
3547,16,0,126,0,CC,FreeLocal,Standard,142,3,F
3550,16,0,114,0,CH,Budget,Standard,130,2,T
3551,7,0,6,0,CC,Budget,Standard,13,3,T
3552,21,0,87,0,CC,Budget,Standard,108,3,T
3554,0,0,11,0,CC,FreeLocal,Intnl_discount,12,4,T
3555,18,0,136,0,CH,FreeLocal,Standard,154,1,T
3556,8,0,13,0,CH,Budget,Standard,21,1,F
3559,23,0,206,0,CC,Budget,Intnl_discount,229,3,T
3565,12,0,46,4,CC,FreeLocal,Standard,58,4,F
3566,26,0,32,0,CC,Budget,Intnl_discount,58,3,F
3569,20,0,13,0,CC,Budget,Standard,34,3,F
3571,9,0,6,0,CC,Budget,Intnl_discount,15,2,F
3572,17,4,49,1,Auto,FreeLocal,Standard,72,4,F
3580,14,0,25,0,CC,Budget,Standard,40,3,T
3582,20,0,39,0,CH,Budget,Intnl_discount,59,3,F
3592,16,5,10,0,CC,Budget,Standard,32,4,T
3593,3,0,11,0,CC,Budget,Standard,14,2,T
3596,27,0,58,0,Auto,Budget,Standard,86,1,T
3602,29,0,52,0,Auto,FreeLocal,Standard,82,2,F
3607,22,0,34,0,Auto,Budget,Standard,57,3,T
3611,22,0,27,0,CH,Budget,Standard,49,3,F
3613,6,0,58,0,CC,Budget,Standard,64,2,F
3623,22,0,28,0,Auto,Budget,Standard,50,3,F
3626,13,1,36,0,CH,FreeLocal,Standard,51,4,T
3631,27,0,23,0,CC,Budget,Standard,51,1,F
3632,11,0,25,0,CC,FreeLocal,Standard,37,4,T
3640,10,0,57,0,CC,FreeLocal,Standard,67,4,F
3641,29,0,10,0,CC,FreeLocal,Standard,40,4,T
3643,11,0,95,0,Auto,Budget,Standard,107,1,T
3644,0,0,22,0,CC,Budget,Standard,22,1,F
3649,29,0,90,4,Auto,FreeLocal,Intnl_discount,119,3,F
3653,5,8,63,0,Auto,FreeLocal,Standard,77,2,F
3654,6,0,30,0,Auto,FreeLocal,Intnl_discount,37,4,F
3656,13,0,144,0,CC,Budget,Standard,158,1,F
3660,13,0,11,0,Auto,FreeLocal,Standard,25,1,F
3662,25,0,252,1,Auto,Budget,Standard,277,3,F
3663,3,3,26,1,CC,FreeLocal,Standard,34,4,T
3664,17,0,39,0,CC,Budget,Intnl_discount,57,3,F
3671,20,8,80,0,CH,Budget,Intnl_discount,109,3,T
3672,4,0,91,1,CC,Budget,Standard,96,3,T
3673,3,0,11,1,CC,Budget,Standard,15,2,T
3674,12,0,7,0,Auto,Budget,Intnl_discount,20,4,T
3678,28,0,113,0,CC,FreeLocal,Standard,141,2,T
3679,24,0,73,0,CH,FreeLocal,Standard,97,2,T
3680,4,0,91,1,CC,Budget,Standard,96,3,T
3681,3,0,11,1,CC,Budget,Standard,15,1,T
3682,1,0,29,0,CC,Budget,Standard,31,4,F
3683,18,0,104,0,CC,Budget,Standard,123,3,T
3686,12,0,163,0,CC,Budget,Intnl_discount,175,2,T
3687,24,0,73,0,CH,FreeLocal,Standard,97,3,T
3688,4,0,91,1,CC,Budget,Standard,96,4,T
3689,3,0,11,1,CC,Budget,Standard,15,1,T
3692,0,0,112,0,CC,Budget,Standard,113,1,F
3694,19,0,118,0,Auto,FreeLocal,Standard,137,2,F
3695,17,0,27,0,CH,Budget,Standard,44,4,F
3698,21,0,192,0,CC,FreeLocal,Standard,214,2,F
3706,12,0,163,0,CC,Budget,Intnl_discount,175,1,T
3707,15,0,6,0,CC,Budget,Standard,22,1,F
3708,24,0,73,0,CH,FreeLocal,Standard,97,2,T
3709,4,0,91,1,CC,Budget,Standard,96,3,T
3710,17,0,106,0,Auto,FreeLocal,Standard,123,2,T
3711,8,0,37,0,CH,FreeLocal,Standard,46,2,F
3712,3,0,11,1,CC,Budget,Standard,15,1,T
3714,2,0,50,0,Auto,Budget,Standard,52,1,F
3715,12,0,163,0,CC,Budget,Intnl_discount,200,2,T
3717,4,0,91,1,CC,Budget,Standard,96,4,T
3721,24,0,73,0,CH,FreeLocal,Standard,97,2,T
3723,3,0,11,1,CC,Budget,Standard,15,1,T
3727,2,0,24,0,CH,Budget,Intnl_discount,27,4,F
3730,1,0,83,0,CC,FreeLocal,Intnl_discount,84,2,F
3731,3,8,5,0,CC,Budget,Intnl_discount,16,4,T
3732,20,0,106,0,Auto,FreeLocal,Intnl_discount,127,4,F
3739,22,0,82,0,CC,Budget,Intnl_discount,104,2,F
3741,11,0,5,0,CC,Budget,Standard,17,1,T
3742,8,0,99,0,CC,FreeLocal,Standard,108,4,F
3752,13,0,96,0,CC,FreeLocal,Standard,110,3,F
3760,3,0,25,1,CC,Budget,Intnl_discount,29,1,T
3767,21,0,85,0,CC,Budget,Intnl_discount,107,2,F
3768,3,0,37,0,CH,Budget,Intnl_discount,40,1,T
3769,20,0,9,0,Auto,Budget,Intnl_discount,29,2,F
3770,3,0,40,0,CC,FreeLocal,Standard,44,3,T
3773,20,4,117,0,CH,Budget,Intnl_discount,142,1,F
3779,13,0,8,0,CH,FreeLocal,Standard,22,2,F
3782,0,0,15,0,CC,FreeLocal,Standard,15,1,F
3783,28,0,60,0,Auto,FreeLocal,Standard,89,1,F
3786,29,0,40,0,CC,Budget,Intnl_discount,70,3,F
3788,29,0,9,0,CC,Budget,Intnl_discount,38,2,F
3789,13,0,40,0,CC,Budget,Standard,53,1,F
3790,23,0,10,0,Auto,Budget,Intnl_discount,34,1,F
3791,16,0,126,0,CC,FreeLocal,Standard,142,4,F
3798,0,0,11,0,Auto,FreeLocal,Intnl_discount,12,2,F
3799,18,0,136,0,CC,FreeLocal,Standard,154,1,T
3800,8,0,13,0,CH,Budget,Standard,21,2,F
3801,6,0,6,0,CC,Budget,Standard,13,2,F
3803,29,0,45,0,CH,FreeLocal,Standard,75,2,F
3805,24,0,22,0,CC,FreeLocal,Standard,47,1,F
3808,26,0,32,1,CC,Budget,Standard,59,1,F
3821,0,0,28,0,CC,FreeLocal,Standard,29,4,T
3823,28,0,45,0,CH,Budget,Standard,74,4,T
3824,26,0,12,0,CC,FreeLocal,Standard,38,4,T
29,22,0,178,0,CC,Budget,Standard,200,3,T
40,13,0,87,0,CC,FreeLocal,Standard,100,4,T
96,22,8,16,0,CC,FreeLocal,Standard,47,3,T
205,27,5,16,0,CH,FreeLocal,Standard,49,4,F
270,14,1,149,0,CC,FreeLocal,Intnl_discount,166,4,F
302,27,5,48,0,CC,FreeLocal,Intnl_discount,81,2,F
309,26,0,108,0,CC,Budget,Standard,134,4,T
418,5,7,23,0,Auto,Budget,Standard,35,3,F
419,29,0,66,0,Auto,FreeLocal,Standard,96,2,T
426,22,4,43,0,CC,Budget,Standard,69,3,F
552,13,0,87,0,CC,FreeLocal,Standard,100,4,T
608,22,8,16,0,CC,FreeLocal,Standard,47,3,T
656,2,0,17,1,Auto,Budget,Standard,19,2,F
714,9,0,47,0,CC,Budget,Intnl_discount,57,2,F
717,27,5,16,0,CH,FreeLocal,Standard,49,3,T
725,21,0,35,0,CC,Budget,Standard,57,4,T
782,14,1,149,0,CC,FreeLocal,Intnl_discount,166,4,F
814,27,5,48,0,CC,FreeLocal,Intnl_discount,81,3,F
818,29,8,99,0,CH,FreeLocal,Standard,138,3,T
821,26,0,108,0,CC,Budget,Standard,134,3,T
849,26,0,17,0,CC,FreeLocal,Standard,44,1,T
878,9,6,47,0,Auto,FreeLocal,Standard,63,2,F
931,29,0,66,0,Auto,FreeLocal,Standard,96,2,T
938,22,4,43,0,CC,Budget,Standard,69,2,F
1006,28,0,97,0,CC,FreeLocal,Standard,125,1,T
1053,22,0,178,0,CC,Budget,Standard,200,2,T
1079,12,0,311,0,CC,Budget,Standard,323,4,F
1229,27,5,16,0,CH,FreeLocal,Standard,49,3,T
1231,25,0,32,0,CC,FreeLocal,Standard,58,1,F
1237,21,0,35,0,CC,Budget,Standard,57,3,T
1239,7,0,32,0,CC,FreeLocal,Intnl_discount,39,2,F
1297,4,6,18,0,CC,FreeLocal,Standard,29,2,T
1326,27,5,48,0,CC,FreeLocal,Intnl_discount,81,3,F
1330,29,8,99,0,CH,FreeLocal,Standard,138,4,T
1361,26,0,17,0,CC,FreeLocal,Standard,44,3,T
1442,5,7,23,0,Auto,Budget,Standard,35,4,F
1443,29,0,66,0,Auto,FreeLocal,Standard,96,4,T
1450,22,4,43,0,CC,Budget,Standard,69,3,F
1518,28,0,97,0,CC,FreeLocal,Standard,125,1,T
1545,2,0,28,0,CC,FreeLocal,Standard,31,2,F
1565,22,0,178,0,CC,Budget,Standard,200,2,T
1576,13,0,87,0,CC,FreeLocal,Standard,100,2,T
1591,12,0,311,0,CC,Budget,Standard,323,4,F
1717,16,0,10,0,CC,FreeLocal,Intnl_discount,26,3,F
1741,27,5,16,0,CH,FreeLocal,Standard,49,4,F
1743,25,0,32,0,CC,FreeLocal,Standard,58,3,F
1749,21,0,35,0,CC,Budget,Standard,57,2,T
1751,7,0,32,0,CC,FreeLocal,Intnl_discount,39,2,F
1806,14,1,149,0,CC,FreeLocal,Intnl_discount,166,4,F
1809,4,6,18,0,CC,FreeLocal,Standard,29,2,T
1842,29,8,99,0,CH,FreeLocal,Standard,138,2,T
1845,26,0,108,0,CC,Budget,Standard,134,2,T
1873,26,0,17,0,CC,FreeLocal,Standard,44,2,T
1902,9,6,47,0,Auto,FreeLocal,Standard,63,2,F
1962,22,4,43,0,CC,Budget,Standard,69,3,F
2106,2,0,17,1,Auto,Budget,Standard,19,2,F
2124,16,0,10,0,CC,FreeLocal,Intnl_discount,26,4,F
2136,25,0,32,0,CC,FreeLocal,Standard,58,1,F
2176,26,0,17,0,CC,FreeLocal,Standard,44,2,T
2207,0,0,1,0,CH,FreeLocal,Standard,1,2,F
2215,5,7,23,0,Auto,Budget,Standard,35,3,F
2220,22,4,43,0,CC,Budget,Standard,69,3,F
2276,28,0,97,0,CC,FreeLocal,Standard,125,1,T
2308,22,0,178,0,CC,Budget,Standard,200,1,T
2393,16,0,10,0,CC,FreeLocal,Intnl_discount,26,1,F
2405,25,0,32,0,CC,FreeLocal,Standard,58,1,F
2429,14,1,149,0,CC,FreeLocal,Intnl_discount,166,4,F
2445,26,0,17,0,CC,FreeLocal,Standard,44,1,T
2484,5,7,23,0,Auto,Budget,Standard,35,2,F
2489,22,4,43,0,CC,Budget,Standard,69,1,F
2545,28,0,97,0,CC,FreeLocal,Standard,125,4,T
2619,2,0,17,1,Auto,Budget,Standard,19,2,F
2637,16,0,10,0,CC,FreeLocal,Intnl_discount,26,2,F
2673,14,1,149,0,CC,FreeLocal,Intnl_discount,166,4,F
2728,5,7,23,0,Auto,Budget,Standard,35,3,F
2733,22,4,43,0,CC,Budget,Standard,69,2,F
2789,28,0,97,0,CC,FreeLocal,Standard,125,3,T
2841,22,0,178,0,CC,Budget,Standard,200,1,T
2901,16,0,10,0,CC,FreeLocal,Intnl_discount,26,1,F
2913,25,0,32,0,CC,FreeLocal,Standard,58,2,F
2937,14,1,149,0,CC,FreeLocal,Intnl_discount,166,4,F
2984,0,0,1,0,CH,FreeLocal,Standard,1,2,F
2992,5,7,23,0,Auto,Budget,Standard,35,1,F
2997,22,4,43,0,CC,Budget,Standard,69,4,F
3053,28,0,97,0,CC,FreeLocal,Standard,125,3,T
3085,22,0,178,0,CC,Budget,Standard,200,3,T
3197,26,0,17,0,CC,FreeLocal,Standard,44,2,T
3228,0,0,1,0,CH,FreeLocal,Standard,1,2,F
3236,5,7,23,0,Auto,Budget,Standard,35,4,F
3241,22,4,43,0,CC,Budget,Standard,69,4,F
3389,16,0,10,0,CC,FreeLocal,Intnl_discount,26,2,F
3401,25,0,32,0,CC,FreeLocal,Standard,58,2,F
3485,22,4,43,0,CC,Budget,Standard,69,2,F
3633,16,0,10,0,CC,FreeLocal,Intnl_discount,26,3,F
3645,25,0,32,0,CC,FreeLocal,Standard,58,3,F
3724,5,7,23,0,Auto,Budget,Standard,35,2,F
3785,28,0,97,0,CC,FreeLocal,Standard,125,4,T
3806,2,0,28,0,CC,FreeLocal,Standard,31,2,F
